PID,q1,q1ans,q2,q2ans,q3,q3ans,q4,q4ans,q5,q5ans,q6,q6ans,q7,q7ans,q8,q8ans,q9,q9ans,q10,q10ans,q11,q11ans,q12,q12ans,q13,q13ans,q14,q14ans,q15,q15ans,q16,q16ans,q17,q17ans,q18,q18ans,q19,q19ans,q20,q20ans,q21,q21ans,q22,q22ans,q23,q23ans,q24,q24ans,q25,q25ans,deckA_effort,deckA_boredom,deckB_effort,deckB_boredom,selfadmit,attencheck,nfc_1r,nfc_2r,nfc_3r,nfc_4r,nfc_5r,nfc_6r,nfc_7r,nfc_8r,nfc_9r,nfc_10r,nfc_11r,nfc_12r,nfc_13r,nfc_14r,nfc_15r,nfc_16r,nfc_17r,nfc_18r,bps1,bps2,bps3,bps4,bps5,bps6,bps7,bps8
1,DECK B,incorrect,DECK A, ,DECK A, ,DECK B,incorrect,DECK B,incorrect,DECK B,incorrect,DECK B,incorrect,DECK A, ,DECK A, ,DECK A, ,DECK A, ,DECK A, ,DECK A, ,DECK B,incorrect,DECK B,incorrect,DECK A, ,DECK A, ,DECK A, ,DECK A, ,DECK A, ,DECK B,incorrect,DECK B,incorrect,DECK A, ,DECK A, ,DECK A, ,4,4,4,4,No,Blue,2,4,2,3,2,1,4,3,3,3,3,3,4,3,3,2,2,2,3,3,3,4,3,3,1,1
2,DECK A, ,DECK A, ,DECK B,incorrect,DECK A, ,DECK A, ,DECK B,incorrect,DECK B,incorrect,DECK B,correct,DECK B,correct,DECK A, ,DECK B,correct,DECK B,correct,DECK B,incorrect,DECK A, ,DECK A, ,DECK A, ,DECK A, ,DECK B,incorrect,DECK B,correct,DECK A, ,DECK B,correct,DECK B,correct,DECK B,incorrect,DECK B,correct,DECK A, ,,7,4,3,No,Blue,3,4,4,3,2,2,3,2,3,3,3,4,2,3,3,4,2,5,5,3,2,2,5,5,5,5
3,DECK B,blank,DECK B,correct,DECK B,correct,DECK A, ,DECK A, ,DECK B,correct,DECK B,correct,DECK A, ,DECK B,correct,DECK B,incorrect,DECK A, ,DECK A, ,DECK B,correct,DECK B,correct,DECK A, ,DECK A, ,DECK A, ,DECK A, ,DECK A, ,DECK A, ,DECK B,correct,DECK B,correct,DECK A, ,DECK A, ,DECK A, ,2,2,1,3,No,Blue,4,4,3,4,2,2,3,3,2,3,4,2,4,4,3,4,3,4,2,3,2,3,3,3,3,3
4,DECK A, ,DECK A, ,DECK B,correct,DECK B,correct,DECK B,correct,DECK A, ,DECK B,correct,DECK B,correct,DECK B,correct,DECK A, ,DECK B,correct,DECK B,correct,DECK A, ,DECK A, ,DECK A, ,DECK B,incorrect,DECK A, ,DECK A, ,DECK A, ,DECK B,correct,DECK B,correct,DECK A, ,DECK B,correct,DECK B,correct,DECK A, ,2,7,2,4,No,Green,5,4,3,2,2,4,3,4,4,3,4,2,3,4,4,4,3,4,6,2,5,5,2,2,4,3
5,DECK A, ,DECK A, ,DECK A, ,DECK B,incorrect,DECK B,correct,DECK A, ,DECK B,correct,DECK B,correct,DECK A, ,DECK A, ,DECK B,incorrect,DECK B,correct,DECK B,incorrect,DECK B,incorrect,DECK B,incorrect,DECK B,incorrect,DECK B,correct,DECK B,incorrect,DECK B,correct,DECK B,correct,DECK B,correct,DECK B,incorrect,DECK B,correct,DECK A, ,DECK A, ,1,0,4,0,No,Blue,3,4,3,4,2,4,4,4,4,4,4,4,2,4,3,4,3,2,7,4,7,5,3,5,5,1
6,DECK B,incorrect,DECK B,correct,DECK B,correct,DECK A, ,DECK A, ,DECK A, ,DECK A, ,DECK A, ,DECK A, ,DECK B,correct,DECK B,correct,DECK B,incorrect,DECK A, ,DECK B,correct,DECK B,incorrect,DECK B,incorrect,DECK B,correct,DECK B,correct,DECK B,incorrect,DECK B,incorrect,DECK A, ,DECK A, ,DECK A, ,DECK A, ,DECK B,correct,2,4,2,3,No,Blue,5,5,2,2,2,4,1,2,2,3,4,2,3,4,4,3,2,4,3,2,2,2,3,3,3,5
7,DECK A, ,DECK B,correct,DECK A, ,DECK A, ,DECK B,incorrect,DECK A, ,DECK B,correct,DECK A, ,DECK B,incorrect,DECK A, ,DECK A, ,DECK A, ,DECK A, ,DECK A, ,DECK A, ,DECK A, ,DECK B,incorrect,DECK B,correct,DECK B,incorrect,DECK A, ,DECK A, ,DECK B,incorrect,DECK B,incorrect,DECK A, ,DECK A, ,1,7,1,4,Yes,Blue,4,3,3,2,3,4,3,2,4,2,3,4,2,3,4,3,2,3,3,6,3,3,6,6,4,5
8,DECK A, ,DECK B,incorrect,DECK A, ,DECK B,correct,DECK B,correct,DECK B,correct,DECK B,incorrect,DECK B,incorrect,DECK B,incorrect,DECK B,incorrect,DECK B,incorrect,DECK A, ,DECK B,correct,DECK B,incorrect,DECK B,blank,DECK B,correct,DECK B,correct,DECK B,correct,DECK B,correct,DECK B,incorrect,DECK B,incorrect,DECK B,correct,DECK B,correct,DECK B,correct,DECK B,correct,0,7,3,0,No,Blue,4,4,3,2,3,4,4,5,4,3,4,2,3,4,4,5,2,4,3,1,5,2,4,2,3,3
9,DECK A, ,DECK B,incorrect,DECK A, ,DECK A, ,DECK A, ,DECK B,incorrect,DECK B,correct,DECK B,correct,DECK B,correct,DECK A, ,DECK B,incorrect,DECK B,incorrect0,DECK A, ,DECK A, ,DECK B,incorrect,DECK B,correct,DECK A, ,DECK B,blank,DECK A, ,DECK B,correct,DECK B,correct,DECK B,incorrect,DECK B,correct,DECK A, ,DECK B,correct,0,4,2,1,No,Green,3,4,2,3,2,4,3,4,4,4,4,2,4,4,3,4,2,4,2,3,5,3,3,3,5,4
10,DECK B,correct,DECK A, ,DECK A, ,DECK A, ,DECK B,correct,DECK B,correct,DECK A, ,DECK B,incorrect,DECK A, ,DECK B,correct,DECK B,correct,DECK A, ,DECK A, ,DECK A, ,DECK A, ,DECK A, ,DECK A, ,DECK A, ,DECK A, ,DECK A, ,DECK A, ,DECK A, ,DECK A, ,DECK A, ,DECK A, ,4,4,4,1,No,Blue,2,2,4,4,4,2,2,1,2,2,2,4,2,2,4,4,2,4,3,2,2,2,5,4,6,6
11,DECK A, ,DECK A, ,DECK A, ,DECK A, ,DECK B,correct,DECK A, ,DECK B,correct,DECK B,correct,DECK B,correct,DECK B,correct,DECK B,correct,DECK B,correct,DECK B,correct,DECK B,correct,DECK B,correct,DECK B,correct,DECK B,correct,DECK B,correct,DECK B,correct,DECK B,correct,DECK B,correct,DECK B,correct,DECK B,incorrect,DECK B,correct,DECK B,correct,,7,1,3,No,Blue,5,5,1,1,2,5,4,4,3,4,5,2,4,4,5,5,2,5,6,6,5,7,6,6,1,7
12,DECK A, ,DECK A, ,DECK B,correct,DECK A, ,DECK A, ,DECK B,correct,DECK A, ,DECK B,incorrect,DECK B,correct,DECK A, ,DECK A, ,DECK B,correct,DECK B,correct,DECK A, ,DECK B,correct,DECK B,correct,DECK B,incorrect,DECK B,correct,DECK A, ,DECK A, ,DECK A, ,DECK A, ,DECK B,incorrect,DECK B,correct,DECK A, ,2,1,1,1,Yes,Blue,2,3,2,3,2,3,2,2,2,3,4,1,2,3,3,5,2,5,5,4,4,5,4,4,5,4
13,DECK A, ,DECK B,correct,DECK A, ,DECK A, ,DECK B,correct,DECK B,correct,DECK A, ,DECK B,correct,DECK B,correct,DECK A, ,DECK B,incorrect,DECK B,correct,DECK A, ,DECK B,correct,DECK B,correct,DECK B,correct,DECK B,correct,DECK A, ,DECK B,incorrect,DECK B,incorrect,DECK B,correct,DECK B,correct,DECK B,correct,DECK A, ,DECK B,correct,,7,5,,No,Blue,4,4,2,2,2,5,4,1,5,4,5,1,3,2,5,4,2,4,3,3,4,3,3,3,2,2
14,DECK A, ,DECK A, ,DECK B,incorrect,DECK B,correct,DECK A, ,DECK B,correct,DECK B,correct,DECK B,correct,DECK B,correct,DECK B,correct,DECK A, ,DECK B,correct,DECK B,correct,DECK B,correct,DECK B,correct,DECK A, ,DECK A, ,DECK B,incorrect,DECK B,incorrect,DECK B,incorrect,DECK B,incorrect,DECK B,correct,DECK B,incorrect,DECK B,correct,DECK B,correct,0,7,3,4,No,Blue,4,4,2,2,1,1,3,2,2,3,3,3,3,3,3,3,3,3,4,2,2,2,2,6,4,3
15,DECK B,incorrect,DECK B,incorrect,DECK B,incorrect,DECK B,incorrect,DECK B,correct,DECK B,incorrect,DECK B,incorrect,DECK B,correct,DECK A, ,DECK A, ,DECK A, ,DECK A, ,DECK A, ,DECK A, ,DECK A, ,DECK A, ,DECK A, ,DECK A, ,DECK A, ,DECK A, ,DECK A, ,DECK A, ,DECK A, ,DECK A, ,DECK A, ,5,2,2,6,Yes,Green,2,4,3,4,1,5,3,4,1,4,2,3,2,5,2,4,3,3,2,3,3,5,2,3,4,6
16,DECK A, ,DECK B,6591,DECK A, ,DECK A, ,DECK B,correct,DECK B,incorrect,DECK B,correct,DECK B,correct,DECK B,correct,DECK B,correct,DECK A, ,DECK A, ,DECK A, ,DECK A, ,DECK B,correct,DECK A, ,DECK A, ,DECK A, ,DECK A, ,DECK A, ,DECK A, ,DECK A, ,DECK A, ,DECK A, ,DECK A, ,1,6,3,2,Yes,Blue,2,2,4,4,4,2,5,5,4,2,2,4,2,2,4,2,3,2,1,1,1,1,1,1,1,1
17,DECK A, ,DECK B,correct,DECK B,correct,DECK A, ,DECK B,incorrect,DECK B,incorrect,DECK B,correct,DECK B,incorrect,DECK B,correct,DECK B,correct,DECK A, ,DECK B,correct,DECK B,incorrect,DECK B,correct,DECK B,incorrect,DECK B,incorrect,DECK B,incorrect,DECK B,correct,DECK B,correct,DECK B,incorrect,DECK B,correct,DECK B,correct,DECK B,correct,DECK B,correct,DECK B,incorrect,,7,2,,No,Blue,1,2,4,4,4,2,5,5,4,2,4,2,1,4,1,5,2,4,7,2,6,6,6,6,2,6
18,DECK A, ,DECK B,correct,DECK A, ,DECK B,incorrect,DECK A, ,DECK B,correct,DECK A, ,DECK B,incorrect,DECK A, ,DECK A, ,DECK B,incorrect,DECK B,correct,DECK A, ,DECK A, ,DECK A, ,DECK B,correct,DECK A, ,DECK A, ,DECK B,incorrect,DECK A, ,DECK B,correct,DECK A, ,DECK A, ,DECK A, ,DECK A, ,5,7,6,,No,Blue,2,4,3,2,1,2,2,2,2,4,3,2,3,4,5,2,2,5,1,5,7,7,5,4,5,5
19,DECK A, ,DECK B,correct,DECK A, ,DECK B,correct,DECK B,correct,DECK B,incorrect,DECK A, ,DECK B,correct,DECK B,correct,DECK B,correct,DECK B,incorrect,DECK B,correct,DECK B,correct,DECK B,correct,DECK B,correct,DECK B,correct,DECK B,correct,DECK B,correct,DECK B,correct,DECK B,correct,DECK B,correct,DECK B,correct,DECK B,correct,DECK B,incorrect,DECK B,correct,,6,5,1,No,Blue,3,4,2,2,2,5,4,3,3,4,4,2,1,3,1,4,2,3,5,3,5,6,5,3,3,3
20,DECK A, ,DECK B,correct,DECK A, ,DECK B,correct,DECK A, ,DECK B,blank,DECK B,incorrect,DECK A, ,DECK A, ,DECK B,incorrect,DECK B,correct,DECK B,correct,DECK B,incorrect,DECK A, ,DECK A, ,DECK B,correct,DECK A, ,DECK B,incorrect,DECK B,correct,DECK B,correct,DECK A, ,DECK A, ,DECK A, ,DECK A, ,DECK B,incorrect,,6,3,3,No,Blue,4,3,2,2,1,3,2,2,1,1,5,1,2,3,4,5,1,1,3,1,3,1,3,3,1,1
21,DECK B,correct,DECK A, ,DECK A, ,DECK A, ,DECK B,correct,DECK A, ,DECK B,correct,DECK A, ,DECK B,correct,DECK B,incorrect,DECK A, ,DECK A, ,DECK B,correct,DECK B,correct,DECK B,correct,DECK A, ,DECK A, ,DECK B,incorrect,DECK B,correct,DECK B,correct,DECK B,correct,DECK A, ,DECK B,correct,DECK B,correct,DECK B,correct,0,7,1,3,No,Blue,2,3,3,2,3,4,2,2,3,3,2,2,4,2,2,4,2,4,5,1,5,3,2,1,1,1
22,DECK A, ,DECK A, ,DECK A, ,DECK B,incorrect,DECK B,incorrect,DECK B,incorrect,DECK B,incorrect,DECK B,incorrect,DECK A, ,DECK B,incorrect,DECK B,incorrect,DECK B,correct,DECK B,incorrect,DECK B,incorrect,DECK B,correct,DECK B,correct,DECK B,correct,DECK B,correct,DECK B,incorrect,DECK B,incorrect,DECK B,incorrect,DECK B,incorrect,DECK B,incorrect,DECK B,incorrect,DECK B,correct,0,3,3,0,No,Blue,3,3,2,3,2,1,4,3,4,4,2,2,2,3,2,5,2,3,3,1,3,1,2,4,1,3
24,DECK B,correct,DECK B,incorrect,DECK A, ,DECK A, ,DECK A, ,DECK B,correct,DECK A, ,DECK B,correct,DECK B,correct,DECK B,correct,DECK B,correct,DECK B,correct,DECK B,correct,DECK B,incorrect,DECK B,correct,DECK B,correct,DECK B,correct,DECK A, ,DECK B,correct,DECK B,correct,DECK B,correct,DECK B,incorrect,DECK B,correct,DECK B,correct,DECK B,correct,1,6,1,5,No,Blue,2,2,2,4,4,2,2,5,5,3,4,2,4,2,2,4,1,4,6,2,5,2,5,5,5,2
25,DECK A, ,DECK A, ,DECK B,correct,DECK A, ,DECK A, ,DECK B,correct,DECK A, ,DECK B,correct,DECK B,correct,DECK A, ,DECK B,correct,DECK B,correct,DECK B,correct,DECK A, ,DECK B,correct,DECK A, ,DECK B,incorrect,DECK A, ,DECK B,correct,DECK B,incorrect,DECK B,correct,DECK B,incorrect,DECK A, ,DECK B,incorrect,DECK A, ,,5,5,0,No,Blue,4,4,1,2,3,4,3,4,4,4,5,1,3,4,3,5,2,2,3,3,2,3,3,3,3,3
26,DECK A, ,DECK A, ,DECK A, ,DECK A, ,DECK A, ,DECK A, ,DECK A, ,DECK A, ,DECK A, ,DECK A, ,DECK A, ,DECK A, ,DECK A, ,DECK A, ,DECK A, ,DECK A, ,DECK A, ,DECK A, ,DECK A, ,DECK A, ,DECK A, ,DECK A, ,DECK A, ,DECK A, ,DECK A, ,1,7,1,7,No,Blue,3,4,4,4,2,4,5,3,4,5,5,1,3,4,4,4,2,4,5,5,5,6,2,4,3,5
27,DECK B,correct,DECK B,incorrect,DECK A, ,DECK A, ,DECK A, ,DECK B,correct,DECK B,correct,DECK A, ,DECK B,correct,DECK B,correct,DECK A, ,DECK B,correct,DECK B,correct,DECK A, ,DECK B,incorrect,DECK A, ,DECK A, ,DECK A, ,DECK A, ,DECK A, ,DECK A, ,DECK A, ,DECK A, ,DECK A, ,DECK A, ,0,7,2,,No,Blue,4,5,2,2,1,4,1,1,1,3,5,1,4,3,5,5,1,4,1,1,3,3,1,1,1,1
29,DECK A, ,DECK A, ,DECK A, ,DECK B,correct,DECK A, ,DECK B,correct,DECK B,incorrect,DECK A, ,DECK A, ,DECK A, ,DECK A, ,DECK A, ,DECK A, ,DECK A, ,DECK A, ,DECK A, ,DECK B,correct,DECK A, ,DECK A, ,DECK A, ,DECK A, ,DECK A, ,DECK B,incorrect,DECK B,incorrect,DECK A, ,,4,1,0,No,Blue,3,3,3,3,2,3,3,4,4,4,4,2,4,4,3,5,3,4,5,3,5,2,4,2,1,3
30,DECK B,incorrect,DECK A, ,DECK A, ,DECK B,incorrect,DECK B,incorrect,DECK B,incorrect,DECK A, ,DECK B,correct,DECK A, ,DECK B,incorrect,DECK B,correct,DECK A, ,DECK A, ,DECK B,correct,DECK A, ,DECK A, ,DECK A, ,DECK B,incorrect,DECK A, ,DECK A, ,DECK A, ,DECK A, ,DECK A, ,DECK A, ,DECK A, ,,4,4,2,No,Blue,3,3,3,4,3,2,4,4,4,3,4,2,3,3,3,4,3,4,5,5,5,5,5,5,5,5
31,DECK B,correct,DECK A, ,DECK A, ,DECK B,correct,DECK A, ,DECK B,correct,DECK B,correct,DECK A, ,DECK A, ,DECK B,correct,DECK B,correct,DECK B,correct,DECK A, ,DECK A, ,DECK A, ,DECK B,correct,DECK B,correct,DECK A, ,DECK A, ,DECK B,correct,DECK A, ,DECK B,correct,DECK A, ,DECK B,correct,DECK A, ,,2,2,1,No,Blue,4,3,2,3,3,3,4,2,2,4,3,4,2,3,4,2,4,3,2,1,2,2,4,3,3,3
32,DECK A, ,DECK A, ,DECK A, ,DECK A, ,DECK B,correct,DECK B,incorrect,DECK A, ,DECK B,correct,DECK B,correct,DECK B,correct,DECK B,incorrect,DECK B,correct,DECK B,correct,DECK B,correct,DECK B,incorrect,DECK A, ,DECK B,correct,DECK B,correct,DECK B,incorrect,DECK B,incorrect,DECK B,incorrect,DECK B,incorrect,DECK A, ,DECK B,incorrect,DECK B,correct,5,6,6,2,No,Blue,3,3,3,2,2,3,2,2,2,3,3,2,2,2,2,4,4,3,4,5,5,4,2,2,2,3
33,DECK B,correct,DECK B,correct,DECK B,correct,DECK A, ,DECK A, ,DECK B,correct,DECK B,correct,DECK A, ,DECK A, ,DECK B,correct,DECK B,correct,DECK A, ,DECK A, ,DECK B,correct,DECK B,correct,DECK A, ,DECK A, ,DECK B,correct,DECK B,incorrect,DECK A, ,DECK A, ,DECK B,correct,DECK B,correct,DECK A, ,DECK A, ,,7,4,1,No,Green,3,2,3,3,3,3,3,3,3,3,3,3,3,4,3,4,3,4,5,5,5,5,5,5,4,4
34,DECK A, ,DECK A, ,DECK A, ,DECK A, ,DECK B,correct,DECK B,correct,DECK B,correct,DECK A, ,DECK A, ,DECK B,incorrect,DECK B,correct,DECK B,correct,DECK A, ,DECK A, ,DECK A, ,DECK B,correct,DECK B,correct,DECK B,correct,DECK B,correct,DECK A, ,DECK A, ,DECK A, ,DECK A, ,DECK A, ,DECK A, ,0,7,3,1,No,Blue,4,4,1,2,1,5,3,3,3,3,5,2,3,4,5,4,2,2,2,4,7,2,4,2,1,4
35,DECK B,incorrect,DECK A, ,DECK B,correct,DECK B,correct,DECK B,incorrect,DECK B,blank,DECK B,incorrect,DECK A, ,DECK A, ,DECK B,blank,DECK B,correct,DECK B,correct,DECK B,correct,DECK B,incorrect,DECK B,incorrect,DECK A, ,DECK A, ,DECK A, ,DECK B,correct,DECK A, ,DECK A, ,DECK B,correct,DECK B,correct,DECK B,incorrect,DECK B,correct,,4,2,,No,Blue,4,4,3,2,2,3,3,3,4,5,5,1,4,3,4,3,2,1,3,3,5,4,3,1,1,1
36,DECK A, ,DECK B,incorrect,DECK B,correct,DECK B,incorrect,DECK A, ,DECK A, ,DECK A, ,DECK A, ,DECK B,correct,DECK B,correct,DECK B,correct,DECK A, ,DECK A, ,DECK A, ,DECK A, ,DECK A, ,DECK A, ,DECK A, ,DECK A, ,DECK A, ,DECK A, ,DECK A, ,DECK A, ,DECK A, ,DECK A, ,0,5,,5,No,Blue,4,3,2,3,2,4,3,5,5,3,3,4,4,3,4,5,3,2,1,1,6,1,2,3,1,3
37,DECK A, ,DECK A, ,DECK A, ,DECK A, ,DECK B,correct,DECK A, ,DECK A, ,DECK B,correct,DECK B,correct,DECK A, ,DECK A, ,DECK A, ,DECK B,correct,DECK B,correct,DECK B,correct,DECK B,correct,DECK B,correct,DECK B,incorrect,DECK A, ,DECK A, ,DECK A, ,DECK B,correct,DECK A, ,DECK A, ,DECK A, ,,5,1,2,No,Blue,5,5,2,2,2,3,2,5,3,5,3,2,3,5,5,2,2,5,6,5,5,7,3,6,2,3
38,DECK B,correct,DECK B,incorrect,DECK A, ,DECK B,correct,DECK B,correct,DECK B,incorrect,DECK B,correct,DECK A, ,DECK B,correct,DECK B,correct,DECK B,correct,DECK A, ,DECK B,correct,DECK A, ,DECK A, ,DECK A, ,DECK B,incorrect,DECK B,correct,DECK B,correct,DECK B,correct,DECK B,correct,DECK B,incorrect,DECK B,correct,DECK B,correct,DECK B,correct,3,1,3,1,No,Blue,5,5,1,1,1,5,1,2,1,3,5,1,4,5,5,5,1,2,1,1,2,3,3,1,1,1
39,DECK A, ,DECK A, ,DECK A, ,DECK A, ,DECK A, ,DECK A, ,DECK A, ,DECK A, ,DECK B,incorrect,DECK B,correct,DECK A, ,DECK B,correct,DECK B,incorrect,DECK B,correct,DECK B,correct,DECK B,correct,DECK B,correct,DECK B,incorrect,DECK B,correct,DECK B,correct,DECK B,correct,DECK B,correct,DECK B,incorrect,DECK B,correct,DECK B,correct,6,2,6,1,No,Blue,3,3,3,2,3,2,3,4,5,4,4,2,5,4,3,4,3,4,6,1,7,6,6,5,3,6
42,DECK B,correct,DECK B,correct,DECK B,correct,DECK A, ,DECK A, ,DECK A, ,DECK A, ,DECK A, ,DECK B,incorrect,DECK B,correct,DECK B,correct,DECK A, ,DECK A, ,DECK B,incorrect,DECK A, ,DECK B,correct,DECK B,correct,DECK B,correct,DECK B,correct,DECK B,correct,DECK B,correct,DECK B,incorrect,DECK B,correct,DECK B,correct,DECK A, ,2,7,0,7,No,Blue,4,4,3,2,2,3,3,2,3,2,4,1,2,4,4,4,3,3,2,2,3,4,5,4,4,1
43,DECK A, ,DECK B,correct,DECK A, ,DECK A, ,DECK A, ,DECK A, ,DECK A, ,DECK A, ,DECK A, ,DECK A, ,DECK A, ,DECK A, ,DECK B,correct,DECK B,correct,DECK B,correct,DECK B,correct,DECK B,correct,DECK B,correct,DECK B,correct,DECK B,correct,DECK B,correct,DECK B,correct,DECK B,correct,DECK A, ,DECK A, ,0,7,2,2,No,Blue,5,5,1,1,1,5,2,3,1,3,5,1,5,5,5,1,1,1,1,1,1,5,1,1,1,3
44,DECK A, ,DECK B,correct,DECK A, ,DECK A, ,DECK A, ,DECK A, ,DECK A, ,DECK A, ,DECK A, ,DECK A, ,DECK A, ,DECK A, ,DECK A, ,DECK A, ,DECK A, ,DECK A, ,DECK A, ,DECK A, ,DECK A, ,DECK A, ,DECK A, ,DECK A, ,DECK A, ,DECK A, ,DECK A, ,1,5,3,2,Yes,Blue,2,2,2,4,4,4,4,4,4,2,4,2,4,2,2,4,4,4,2,2,5,3,3,3,5,3
45,DECK B,incorrect,DECK B,correct,DECK A, ,DECK A, ,DECK B,correct,DECK B,correct,DECK B,incorrect,DECK A, ,DECK B,correct,DECK B,correct,DECK B,correct,DECK A, ,DECK A, ,DECK A, ,DECK B,correct,DECK A, ,DECK A, ,DECK B,correct,DECK A, ,DECK B,correct,DECK B,correct,DECK A, ,DECK B,correct,DECK B,correct,DECK B,incorrect,0,7,7,,No,Blue,3,3,2,2,2,4,2,5,5,5,5,3,3,4,4,4,1,2,2,2,5,2,1,1,1,1
46,DECK B,incorrect,DECK B,correct,DECK A, ,DECK B,incorrect,DECK A, ,DECK B,correct,DECK A, ,DECK B,incorrect,DECK A, ,DECK B,incorrect,DECK A, ,DECK B,correct,DECK A, ,DECK B,correct,DECK A, ,DECK B,correct,DECK A, ,DECK B,incorrect,DECK A, ,DECK B,incorrect,DECK A, ,DECK B,correct,DECK A, ,DECK A, ,DECK B,incorrect,0,6,4,1,No,Blue,3,4,2,2,3,3,2,2,2,4,4,1,2,4,3,4,3,4,2,2,5,3,2,2,5,3
47,DECK A, ,DECK B,correct,DECK B,correct,DECK A, ,DECK B,correct,DECK B,correct,DECK A, ,DECK B,correct,DECK B,correct,DECK A, ,DECK B,correct,DECK B,correct,DECK A, ,DECK B,correct,DECK B,incorrect,DECK A, ,DECK B,incorrect,DECK B,incorrect,DECK A, ,DECK B,correct,DECK B,correct,DECK A, ,DECK B,correct,DECK B,correct,DECK A, ,,2,2,1,No,Blue,5,5,1,2,1,4,2,1,2,1,5,1,4,5,3,5,3,3,5,3,5,3,3,3,2,3
48,DECK A, ,DECK A, ,DECK B,correct,DECK A, ,DECK A, ,DECK B,correct,DECK A, ,DECK A, ,DECK B,correct,DECK A, ,DECK A, ,DECK A, ,DECK B,correct,DECK A, ,DECK B,incorrect,DECK A, ,DECK A, ,DECK A, ,DECK A, ,DECK A, ,DECK A, ,DECK A, ,DECK A, ,DECK A, ,DECK B,correct,,6,6,2,Yes,Blue,2,3,3,3,4,3,2,1,2,3,4,2,3,2,1,4,1,4,4,6,6,6,7,7,5,2
49,DECK A, ,DECK A, ,DECK A, ,DECK A, ,DECK A, ,DECK A, ,DECK A, ,DECK B,correct,DECK A, ,DECK A, ,DECK A, ,DECK B,correct,DECK B,correct,DECK A, ,DECK B,correct,DECK A, ,DECK B,correct,DECK A, ,DECK A, ,DECK A, ,DECK A, ,DECK B,correct,DECK A, ,DECK A, ,DECK A, ,,4,3,2,No,Blue,2,2,3,2,2,4,4,2,3,4,3,3,2,4,3,2,3,4,5,3,6,2,2,2,3,3
50,DECK A, ,DECK B,correct,DECK A, ,DECK A, ,DECK B,incorrect,DECK A, ,DECK A, ,DECK B,correct,DECK A, ,DECK A, ,DECK A, ,DECK A, ,DECK B,incorrect,DECK A, ,DECK A, ,DECK A, ,DECK A, ,DECK B,incorrect,DECK A, ,DECK A, ,DECK A, ,DECK A, ,DECK A, ,DECK B,correct,DECK A, ,0,5,1,1,No,Blue,2,3,3,4,3,3,3,2,4,3,3,2,3,3,3,4,2,4,3,3,2,3,2,3,3,1
51,DECK A, ,DECK B,incorrect,DECK A, ,DECK A, ,DECK B,incorrect,DECK B,correct,DECK A, ,DECK A, ,DECK A, ,DECK B,correct,DECK B,correct,DECK A, ,DECK A, ,DECK B,correct,DECK A, ,DECK A, ,DECK A, ,DECK B,correct,DECK B,correct,DECK B,incorrect,DECK B,correct,DECK B,correct,DECK B,correct,DECK B,correct,DECK B,correct,3,6,1,0,No,Blue,4,5,1,2,1,4,2,2,2,5,4,1,4,5,5,3,2,2,6,3,4,6,7,6,3,1
52,DECK A, ,DECK A, ,DECK A, ,DECK A, ,DECK A, ,DECK A, ,DECK A, ,DECK A, ,DECK A, ,DECK A, ,DECK A, ,DECK A, ,DECK A, ,DECK A, ,DECK A, ,DECK B,incorrect,DECK B,correct,DECK B,correct,DECK B,correct,DECK B,incorrect,DECK B,correct,DECK A, ,DECK A, ,DECK B,incorrect,DECK A, ,1,7,5,1,No,Blue,4,3,2,2,3,2,4,1,4,4,2,2,3,4,4,5,2,2,5,6,5,2,2,5,3,1
53,DECK A, ,DECK A, ,DECK A, ,DECK A, ,DECK A, ,DECK A, ,DECK B,incorrect,DECK B,correct,DECK B,incorrect,DECK A, ,DECK A, ,DECK A, ,DECK A, ,DECK A, ,DECK A, ,DECK A, ,DECK A, ,DECK B,incorrect,DECK B,correct,DECK B,correct,DECK A, ,DECK A, ,DECK A, ,DECK A, ,DECK A, ,2,5,2,6,No,Blue,3,4,2,3,2,4,3,2,4,3,4,2,2,3,3,2,2,2,2,1,2,4,2,4,4,5
54,DECK A, ,DECK A, ,DECK A, ,DECK A, ,DECK A, ,DECK B,incorrect,DECK A, ,DECK A, ,DECK B,incorrect,DECK A, ,DECK A, ,DECK A, ,DECK A, ,DECK A, ,DECK A, ,DECK A, ,DECK A, ,DECK A, ,DECK A, ,DECK A, ,DECK A, ,DECK A, ,DECK A, ,DECK A, ,DECK A, ,,1,4,2,No,Blue,3,4,2,3,4,1,3,4,4,3,4,2,3,3,2,4,4,3,3,3,5,3,3,3,3,3
55,DECK A, ,DECK B,incorrect,DECK A, ,DECK B,correct,DECK B,correct,DECK A, ,DECK B,incorrect,DECK A, ,DECK B,correct,DECK A, ,DECK B,correct,DECK B,correct,DECK B,correct,DECK A, ,DECK B,correct,DECK A, ,DECK B,correct,DECK B,correct,DECK A, ,DECK B,correct,DECK A, ,DECK A, ,DECK A, ,DECK B,correct,DECK A, ,0,6,7,0,No,Blue,4,5,2,2,2,4,2,4,4,2,4,3,4,3,5,5,3,4,3,2,5,2,3,2,1,3
57,DECK A, ,DECK B,incorrect,DECK A, ,DECK B,correct,DECK B,correct,DECK B,correct,DECK A, ,DECK A, ,DECK A, ,DECK A, ,DECK A, ,DECK A, ,DECK A, ,DECK A, ,DECK A, ,DECK A, ,DECK A, ,DECK A, ,DECK A, ,DECK A, ,DECK A, ,DECK A, ,DECK A, ,DECK A, ,DECK A, ,1,6,1,5,No,Blue,3,4,2,1,1,2,2,4,2,4,2,1,4,5,5,2,2,4,1,1,3,1,3,1,5,1
58,DECK B,correct,DECK A, ,DECK A, ,DECK A, ,DECK B,correct,DECK A, ,DECK A, ,DECK B,incorrect,DECK A, ,DECK A, ,DECK A, ,DECK B,correct,DECK A, ,DECK A, ,DECK A, ,DECK A, ,DECK B,correct,DECK A, ,DECK A, ,DECK A, ,DECK B,incorrect,DECK A, ,DECK A, ,DECK A, ,DECK A, ,0,3,4,3,No,Blue,3,4,2,2,2,3,3,2,2,4,4,2,4,5,4,5,1,4,2,5,4,4,3,2,3,4
59,DECK B,correct,DECK A, ,DECK A, ,DECK A, ,DECK B,correct,DECK B,correct,DECK A, ,DECK B,incorrect,DECK B,incorrect,DECK A, ,DECK A, ,DECK A, ,DECK B,correct,DECK B,correct,DECK B,correct,DECK B,correct,DECK B,correct,DECK B,correct,DECK A, ,DECK B,correct,DECK B,correct,DECK B,correct,DECK B,correct,DECK B,correct,DECK B,correct,2,2,3,1,No,Blue,4,4,2,2,2,4,3,4,4,4,4,2,4,4,3,4,2,2,3,3,2,2,2,2,2,3
60,DECK A, ,DECK B,correct,DECK A, ,DECK A, ,DECK B,correct,DECK B,correct,DECK B,correct,DECK B,correct,DECK B,correct,DECK A, ,DECK B,correct,DECK B,correct,DECK B,correct,DECK B,correct,DECK A, ,DECK A, ,DECK A, ,DECK A, ,DECK B,correct,DECK B,correct,DECK B,correct,DECK B,correct,DECK A, ,DECK A, ,DECK A, ,0,7,3,3,No,Blue,3,3,3,5,4,2,4,3,5,3,5,1,3,2,1,5,5,1,2,1,2,1,1,1,3,1
61,DECK B,incorrect,DECK A, ,DECK A, ,DECK A, ,DECK A, ,DECK A, ,DECK A, ,DECK A, ,DECK A, ,DECK A, ,DECK A, ,DECK A, ,DECK A, ,DECK A, ,DECK A, ,DECK A, ,DECK A, ,DECK A, ,DECK A, ,DECK A, ,DECK A, ,DECK A, ,DECK A, ,DECK A, ,DECK A, ,0,7,1,1,No,Blue,5,4,1,2,2,5,3,2,3,5,4,3,3,4,4,4,3,4,4,4,4,4,4,4,4,4
63,DECK B,incorrect,DECK A, ,DECK A, ,DECK A, ,DECK B,correct,DECK B,correct,DECK A, ,DECK B,incorrect,DECK A, ,DECK B,correct,DECK A, ,DECK A, ,DECK A, ,DECK A, ,DECK A, ,DECK B,correct,DECK B,correct,DECK B,correct,DECK B,correct,DECK B,correct,DECK B,correct,DECK B,correct,DECK A, ,DECK A, ,DECK A, ,1,5,2,3,No,Blue,3,2,3,2,3,3,4,3,5,4,3,3,3,3,3,5,3,4,5,2,5,4,4,2,2,3
64,DECK A, ,DECK A, ,DECK B,incorrect,DECK A, ,DECK A, ,DECK A, ,DECK A, ,DECK A, ,DECK A, ,DECK B,correct,DECK B,correct,DECK B,correct,DECK B,correct,DECK B,correct,DECK A, ,DECK A, ,DECK A, ,DECK A, ,DECK A, ,DECK A, ,DECK A, ,DECK A, ,DECK A, ,DECK A, ,DECK A, ,0,5,4,0,No,Blue,4,4,4,3,4,4,4,4,4,4,4,2,3,3,4,2,2,4,5,2,5,4,5,2,4,3
65,DECK B,incorrect,DECK A, ,DECK A, ,DECK B,incorrect,DECK B,incorrect,DECK B,correct,DECK B,correct,DECK B,correct,DECK B,correct,DECK B,correct,DECK B,incorrect,DECK B,correct,DECK B,correct,DECK B,correct,DECK B,correct,DECK B,correct,DECK B,correct,DECK B,incorrect,DECK B,correct,DECK B,incorrect,DECK B,correct,DECK B,correct,DECK B,correct,DECK B,correct,DECK B,correct,,,1,2,No,Blue,4,4,2,2,2,4,3,4,4,3,3,2,3,4,4,4,3,2,4,2,2,5,5,5,2,5
67,DECK A, ,DECK A, ,DECK B,incorrect,DECK B,incorrect,DECK A, ,DECK B,incorrect,DECK A, ,DECK A, ,DECK B,incorrect,DECK A, ,DECK A, ,DECK A, ,DECK A, ,DECK A, ,DECK A, ,DECK A, ,DECK B,incorrect,DECK A, ,DECK A, ,DECK A, ,DECK A, ,DECK A, ,DECK A, ,DECK A, ,DECK B,correct,0,6,0,6,No,Blue,3,4,2,2,2,3,2,3,2,3,4,2,4,2,3,4,2,4,4,3,2,4,3,3,1,3
68,DECK A, ,DECK B,incorrect,DECK A, ,DECK B,incorrect,DECK A, ,DECK B,correct,DECK A, ,DECK B,correct,DECK A, ,DECK B,incorrect,DECK A, ,DECK B,incorrect,DECK B,incorrect,DECK A, ,DECK B,incorrect,DECK B,incorrect,DECK B,incorrect,DECK B,incorrect,DECK A, ,DECK A, ,DECK A, ,DECK A, ,DECK B,incorrect,DECK A, ,DECK B,incorrect,1,4,4,0,No,Blue,3,4,3,3,2,3,4,4,4,4,4,1,4,4,3,5,1,2,1,1,1,1,1,1,1,1
69,DECK A, ,DECK A, ,DECK B,incorrect,DECK B,correct,DECK B,correct,DECK A, ,DECK A, ,DECK A, ,DECK B,incorrect,DECK A, ,DECK A, ,DECK A, ,DECK A, ,DECK A, ,DECK B,incorrect,DECK A, ,DECK A, ,DECK A, ,DECK A, ,DECK A, ,DECK A, ,DECK A, ,DECK A, ,DECK A, ,DECK A, ,0,7,6,2,Yes,Green,2,4,4,4,5,3,5,2,4,3,5,2,3,4,2,5,2,5,7,3,7,4,3,3,1,5
70,DECK B,correct,DECK A, ,DECK A, ,DECK B,correct,DECK B,correct,DECK B,correct,DECK B,correct,DECK A, ,DECK A, ,DECK B,incorrect,DECK B,correct,DECK B,correct,DECK A, ,DECK A, ,DECK B,correct,DECK B,correct,DECK B,correct,DECK A, ,DECK A, ,DECK B,correct,DECK B,correct,DECK B,correct,DECK B,correct,DECK B,correct,DECK B,correct,0,7,6,2,No,Green,2,4,5,2,4,2,4,4,5,2,4,2,4,4,4,4,2,5,6,6,5,6,5,6,7,5
71,DECK B,correct,DECK A, ,DECK A, ,DECK B,correct,DECK A, ,DECK A, ,DECK B,correct,DECK B,correct,DECK A, ,DECK A, ,DECK A, ,DECK A, ,DECK B,correct,DECK B,correct,DECK A, ,DECK A, ,DECK A, ,DECK A, ,DECK A, ,DECK A, ,DECK A, ,DECK A, ,DECK A, ,DECK A, ,DECK A, ,,7,,,No,Blue,4,4,1,4,5,2,2,2,2,4,4,2,4,4,4,4,3,3,4,4,4,4,4,4,4,4
72,DECK A, ,DECK B,incorrect,DECK B,correct,DECK B,incorrect,DECK A, ,DECK A, ,DECK B,correct,DECK A, ,DECK A, ,DECK A, ,DECK B,incorrect,DECK B,correct,DECK A, ,DECK B,correct,DECK B,correct,DECK B,correct,DECK A, ,DECK B,incorrect,DECK A, ,DECK A, ,DECK B,correct,DECK B,correct,DECK B,incorrect,DECK B,correct,DECK B,correct,,7,3,1,No,Blue,2,3,2,2,2,3,4,4,4,4,4,2,2,2,2,4,2,4,5,5,5,2,2,3,3,2
74,DECK B,incorrect,DECK B,correct,DECK A, ,DECK B,incorrect,DECK A, ,DECK B,incorrect,DECK B,incorrect,DECK A, ,DECK A, ,DECK A, ,DECK A, ,DECK A, ,DECK A, ,DECK A, ,DECK A, ,DECK A, ,DECK A, ,DECK A, ,DECK A, ,DECK A, ,DECK A, ,DECK A, ,DECK A, ,DECK A, ,DECK A, ,0,7,2,2,No,Blue,2,3,4,2,1,1,5,1,3,1,1,4,1,3,5,5,1,1,1,1,1,1,1,1,1,2
75,DECK A, ,DECK B,incorrect,DECK A, ,DECK A, ,DECK B,correct,DECK B,correct,DECK B,incorrect,DECK A, ,DECK B,blank,DECK B,correct,DECK B,correct,DECK A, ,DECK B,correct,DECK B,correct,DECK B,correct,DECK B,correct,DECK B,incorrect,DECK B,correct,DECK B,correct,DECK A, ,DECK A, ,DECK B,correct,DECK A, ,DECK A, ,DECK A, ,1,0,2,,No,Blue,3,3,3,4,4,3,4,2,4,4,5,2,4,4,4,5,2,3,4,2,5,5,5,4,2,4
76,DECK B,correct,DECK A, ,DECK B,correct,DECK B,correct,DECK A, ,DECK A, ,DECK B,correct,DECK A, ,DECK B,correct,DECK A, ,DECK A, ,DECK A, ,DECK B,incorrect,DECK A, ,DECK B,correct,DECK A, ,DECK B,correct,DECK A, ,DECK B,correct,DECK A, ,DECK A, ,DECK A, ,DECK B,correct,DECK A, ,DECK B,correct,0,0,0,3,No,Blue,5,5,1,1,1,5,1,4,1,1,4,1,4,5,5,5,1,4,6,5,3,6,2,5,3,1
77,DECK A, ,DECK B,incorrect,DECK A, ,DECK B,incorrect,DECK A, ,DECK A, ,DECK A, ,DECK A, ,DECK A, ,DECK A, ,DECK A, ,DECK A, ,DECK A, ,DECK A, ,DECK A, ,DECK B,correct,DECK A, ,DECK A, ,DECK A, ,DECK A, ,DECK A, ,DECK B,correct,DECK A, ,DECK B,correct,DECK B,correct,,6,4,,No,Blue,2,2,3,4,4,2,5,5,5,3,2,4,3,4,2,4,4,4,5,1,5,3,3,2,2,2
78,DECK A, ,DECK B,correct,DECK A, ,DECK B,correct,DECK B,correct,DECK B,correct,DECK B,correct,DECK B,correct,DECK B,correct,DECK A, ,DECK B,correct,DECK B,correct,DECK B,correct,DECK B,correct,DECK B,incorrect,DECK B,correct,DECK B,incorrect,DECK B,correct,DECK B,incorrect,DECK B,correct,DECK B,incorrect,DECK B,correct,DECK B,correct,DECK A, ,DECK A, ,0,7,4,,No,Blue,5,5,1,1,1,3,2,2,5,3,5,3,3,3,3,2,2,4,1,4,4,2,3,1,1,1
79,DECK A, ,DECK B,correct,DECK B,correct,DECK B,correct,DECK A, ,DECK A, ,DECK A, ,DECK A, ,DECK A, ,DECK A, ,DECK A, ,DECK A, ,DECK A, ,DECK A, ,DECK A, ,DECK B,incorrect,DECK B,incorrect,DECK A, ,DECK A, ,DECK A, ,DECK A, ,DECK A, ,DECK A, ,DECK A, ,DECK B,correct,,7,0,1,Yes,Blue,3,3,4,3,3,2,4,2,4,3,3,2,2,2,4,4,2,2,6,5,6,2,3,3,3,3
80,DECK A, ,DECK B,incorrect,DECK A, ,DECK A, ,DECK B,correct,DECK B,correct,DECK A, ,DECK B,correct,DECK A, ,DECK B,incorrect,DECK A, ,DECK A, ,DECK B,incorrect,DECK A, ,DECK A, ,DECK B,incorrect,DECK A, ,DECK B,incorrect,DECK A, ,DECK A, ,DECK A, ,DECK B,correct,DECK B,correct,DECK B,correct,DECK B,incorrect,,2,1,0,No,Blue,2,3,3,4,3,1,4,4,4,2,4,4,2,4,3,4,2,3,3,3,5,4,6,6,5,4
81,DECK A, ,DECK A, ,DECK B,incorrect,DECK B,correct,DECK A, ,DECK A, ,DECK B,correct,DECK B,correct,DECK B,incorrect,DECK B,incorrect,DECK B,correct,DECK B,correct,DECK B,correct,DECK B,correct,DECK B,correct,DECK B,correct,DECK A, ,DECK A, ,DECK B,correct,DECK B,correct,DECK B,correct,DECK B,incorrect,DECK B,correct,DECK B,correct,DECK B,correct,,4,5,1,No,Blue,2,2,3,3,2,3,3,4,4,4,2,3,2,2,2,4,2,5,6,3,4,2,6,4,2,4
82,DECK A, ,DECK B,incorrect,DECK A, ,DECK B,incorrect,DECK A, ,DECK B,correct,DECK A, ,DECK B,blank,DECK A, ,DECK A, ,DECK A, ,DECK B,incorrect,DECK A, ,DECK A, ,DECK B,incorrect,DECK A, ,DECK A, ,DECK A, ,DECK B,incorrect,DECK A, ,DECK B,correct,DECK A, ,DECK B,correct,DECK A, ,DECK A, ,1,7,3,2,Yes,Blue,1,4,5,3,4,2,3,2,3,3,3,3,3,3,3,3,3,3,4,6,7,7,5,6,3,4
83,DECK A, ,DECK B,incorrect,DECK A, ,DECK A, ,DECK A, ,DECK B,correct,DECK B,correct,DECK A, ,DECK A, ,DECK B,incorrect,DECK B,incorrect,DECK B,correct,DECK A, ,DECK B,incorrect,DECK B,correct,DECK B,incorrect,DECK A, ,DECK A, ,DECK A, ,DECK B,incorrect,DECK B,correct,DECK A, ,DECK B,correct,DECK B,incorrect,DECK B,incorrect,5,3,4,,Yes,Blue,3,2,4,4,4,4,4,4,4,3,2,3,2,2,3,4,2,3,2,5,6,2,5,2,2,3
84,DECK A, ,DECK A, ,DECK A, ,DECK B,correct,DECK A, ,DECK A, ,DECK B,correct,DECK B,correct,DECK A, ,DECK B,correct,DECK B,correct,DECK A, ,DECK A, ,DECK B,correct,DECK B,correct,DECK A, ,DECK A, ,DECK B,correct,DECK B,correct,DECK A, ,DECK A, ,DECK A, ,DECK B,correct,DECK A, ,DECK A, ,0,4,5,0,Yes,Blue,4,2,3,2,2,3,2,4,4,4,3,2,2,3,2,4,1,2,1,3,5,5,5,6,3,4
85,DECK A, ,DECK B,incorrect,DECK A, ,DECK B,correct,DECK A, ,DECK B,correct,DECK A, ,DECK A, ,DECK B,incorrect,DECK B,correct,DECK A, ,DECK B,correct,DECK B,incorrect,DECK A, ,DECK A, ,DECK B,incorrect,DECK B,incorrect,DECK B,correct,DECK B,correct,DECK A, ,DECK A, ,DECK A, ,DECK B,correct,DECK B,correct,DECK B,correct,1,3,4,2,No,Blue,4,4,3,3,3,5,4,4,4,4,4,2,4,4,5,5,5,3,5,5,6,5,3,4,5,5
86,DECK A, ,DECK B,correct,DECK A, ,DECK B,correct,DECK A, ,DECK A, ,DECK A, ,DECK B,correct,DECK A, ,DECK B,correct,DECK A, ,DECK B,correct,DECK A, ,DECK B,incorrect,DECK A, ,DECK A, ,DECK A, ,DECK B,correct,DECK A, ,DECK B,correct,DECK A, ,DECK A, ,DECK B,incorrect,DECK A, ,DECK A, ,0,3,0,3,No,Blue,3,2,3,2,3,2,3,2,2,3,3,2,2,3,3,2,2,2,4,5,7,2,3,7,4,4
87,DECK A, ,DECK A, ,DECK A, ,DECK A, ,DECK B,incorrect,DECK B,incorrect,DECK B,incorrect,DECK A, ,DECK B,correct,DECK B,correct,DECK A, ,DECK B,correct,DECK A, ,DECK B,correct,DECK A, ,DECK A, ,DECK A, ,DECK B,correct,DECK B,correct,DECK A, ,DECK B,correct,DECK B,correct,DECK B,correct,DECK B,correct,DECK B,incorrect,1,7,1,4,Yes,Blue,4,4,2,1,2,4,1,1,2,3,4,2,3,3,5,3,2,4,4,3,6,3,4,3,3,2
88,DECK A, ,DECK B,correct,DECK A, ,DECK B,correct,DECK A, ,DECK A, ,DECK B,correct,DECK B,correct,DECK B,correct,DECK B,correct,DECK B,correct,DECK A, ,DECK A, ,DECK A, ,DECK B,correct,DECK B,correct,DECK B,correct,DECK A, ,DECK A, ,DECK A, ,DECK A, ,DECK B,correct,DECK B,correct,DECK B,correct,DECK B,correct,,,4,0,No,Blue,3,3,2,2,4,3,4,3,4,3,3,3,4,3,3,4,2,4,2,3,5,3,4,3,4,5
89,DECK A, ,DECK A, ,DECK A, ,DECK A, ,DECK B,correct,DECK B,correct,DECK A, ,DECK B,incorrect,DECK B,incorrect,DECK B,incorrect,DECK B,correct,DECK B,correct,DECK A, ,DECK B,correct,DECK B,correct,DECK B,correct,DECK B,incorrect,DECK B,blank,DECK B,incorrect,DECK B,incorrect,DECK B,correct,DECK A, ,DECK B,incorrect,DECK B,correct,DECK B,correct,0,2,3,1,No,Green,2,2,2,3,2,2,3,2,4,3,2,2,1,3,2,4,4,2,4,4,5,3,5,3,1,1
90,DECK A, ,DECK A, ,DECK B,correct,DECK B,incorrect,DECK A, ,DECK B,correct,DECK B,incorrect,DECK B,incorrect,DECK A, ,DECK A, ,DECK B,correct,DECK B,correct,DECK B,incorrect,DECK B,correct,DECK B,incorrect,DECK B,correct,DECK B,correct,DECK A, ,DECK B,correct,DECK B,correct,DECK B,incorrect,DECK B,correct,DECK B,correct,DECK B,correct,DECK B,correct,,5,6,,No,Blue,2,4,2,2,2,4,4,2,3,4,4,2,4,4,3,4,4,3,4,2,5,5,2,2,5,2
91,DECK B,incorrect,DECK A, ,DECK A, ,DECK A, ,DECK B,incorrect,DECK A, ,DECK B,correct,DECK B,correct,DECK B,correct,DECK A, ,DECK B,incorrect,DECK B,incorrect,DECK B,incorrect,DECK B,incorrect,DECK B,incorrect,DECK B,incorrect,DECK B,incorrect,DECK B,incorrect,DECK B,incorrect,DECK A, ,DECK A, ,DECK A, ,DECK A, ,DECK A, ,DECK A, ,4,7,4,,No,Blue,3,5,3,2,3,5,5,4,5,3,5,1,3,5,5,3,3,3,4,4,4,4,4,1,3,1
93,DECK A, ,DECK B,correct,DECK A, ,DECK A, ,DECK B,correct,DECK A, ,DECK B,correct,DECK B,incorrect,DECK B,correct,DECK B,correct,DECK B,correct,DECK B,correct,DECK B,incorrect,DECK B,incorrect,DECK B,correct,DECK B,incorrect,DECK B,correct,DECK B,correct,DECK B,correct,DECK B,correct,DECK A, ,DECK A, ,DECK A, ,DECK A, ,DECK A, ,1,7,3,0,Yes,Blue,4,4,3,3,2,4,4,4,4,3,2,2,2,4,4,3,3,5,6,3,3,3,4,2,3,3
94,DECK B,correct,DECK B,correct,DECK A, ,DECK B,correct,DECK A, ,DECK B,correct,DECK A, ,DECK B,incorrect,DECK B,correct,DECK B,correct,DECK B,correct,DECK A, ,DECK A, ,DECK A, ,DECK A, ,DECK A, ,DECK A, ,DECK A, ,DECK A, ,DECK B,correct,DECK A, ,DECK B,correct,DECK A, ,DECK A, ,DECK A, ,1,7,3,2,No,Blue,2,2,4,4,3,4,2,2,2,2,4,2,3,4,4,4,2,2,3,3,4,2,2,2,1,1
95,DECK A, ,DECK A, ,DECK B,correct,DECK A, ,DECK A, ,DECK B,correct,DECK A, ,DECK B,correct,DECK B,correct,DECK B,correct,DECK A, ,DECK B,incorrect,DECK B,incorrect,DECK A, ,DECK A, ,DECK A, ,DECK A, ,DECK A, ,DECK A, ,DECK A, ,DECK A, ,DECK A, ,DECK A, ,DECK A, ,DECK A, ,0,7,5,2,No,Blue,3,4,3,4,3,2,3,4,3,3,2,3,2,2,3,5,3,3,2,2,4,4,4,4,4,5
96,DECK A, ,DECK A, ,DECK B,incorrect,DECK A, ,DECK A, ,DECK A, ,DECK A, ,DECK A, ,DECK A, ,DECK A, ,DECK A, ,DECK A, ,DECK A, ,DECK B,incorrect,DECK B,incorrect,DECK B,incorrect,DECK B,incorrect,DECK A, ,DECK B,correct,DECK B,incorrect,DECK B,incorrect,DECK B,incorrect,DECK B,correct,DECK B,incorrect,DECK B,incorrect,6,2,7,2,No,Green,2,3,4,3,2,2,4,4,5,2,2,3,3,2,2,3,2,2,5,5,3,2,3,5,2,3
97,DECK B,incorrect,DECK B,correct,DECK B,correct,DECK B,incorrect,DECK B,correct,DECK B,correct,DECK B,correct,DECK A, ,DECK B,correct,DECK A, ,DECK A, ,DECK A, ,DECK A, ,DECK A, ,DECK A, ,DECK A, ,DECK A, ,DECK A, ,DECK A, ,DECK A, ,DECK A, ,DECK A, ,DECK B,incorrect,DECK A, ,DECK A, ,4,6,6,0,No,Blue,2,2,3,4,3,2,3,4,2,3,3,4,2,3,2,4,2,3,3,2,5,4,4,5,2,5
98,DECK B,incorrect,DECK A, ,DECK A, ,DECK A, ,DECK A, ,DECK A, ,DECK B,correct,DECK A, ,DECK B,blank,DECK B,incorrect,DECK A, ,DECK B,correct,DECK A, ,DECK A, ,DECK A, ,DECK A, ,DECK A, ,DECK A, ,DECK A, ,DECK B,correct,DECK A, ,DECK A, ,DECK A, ,DECK A, ,DECK A, ,1,6,1,6,Yes,Blue,3,2,3,4,3,3,3,3,3,3,4,3,3,2,3,4,3,3,4,3,2,4,4,2,2,2
99,DECK A, ,DECK A, ,DECK B,correct,DECK A, ,DECK B,correct,DECK A, ,DECK A, ,DECK A, ,DECK A, ,DECK A, ,DECK A, ,DECK A, ,DECK A, ,DECK A, ,DECK A, ,DECK A, ,DECK A, ,DECK A, ,DECK A, ,DECK A, ,DECK A, ,DECK A, ,DECK A, ,DECK A, ,DECK A, ,0,2,4,0,No,Blue,1,2,5,5,4,1,5,4,5,3,2,4,1,2,1,4,5,3,6,3,4,1,2,3,1,1
100,DECK B,correct,DECK A, ,DECK B,incorrect,DECK A, ,DECK A, ,DECK A, ,DECK A, ,DECK A, ,DECK A, ,DECK A, ,DECK A, ,DECK A, ,DECK A, ,DECK A, ,DECK A, ,DECK A, ,DECK A, ,DECK B,correct,DECK A, ,DECK B,correct,DECK A, ,DECK A, ,DECK A, ,DECK B,incorrect,DECK A, ,0,7,1,0,Yes,Blue,2,4,3,2,3,5,2,4,4,3,3,2,3,2,3,2,1,4,3,3,3,4,2,1,1,3
102,DECK A, ,DECK A, ,DECK A, ,DECK B,incorrect,DECK B,incorrect,DECK B,incorrect,DECK B,correct,DECK A, ,DECK A, ,DECK A, ,DECK A, ,DECK B,incorrect,DECK B,correct,DECK B,correct,DECK A, ,DECK A, ,DECK A, ,DECK B,correct,DECK A, ,DECK A, ,DECK A, ,DECK A, ,DECK B,correct,DECK A, ,DECK A, ,0,3,2,1,No,Blue,3,2,4,4,3,3,2,2,2,3,4,3,2,3,3,4,3,3,2,2,5,4,2,3,3,3
103,DECK A, ,DECK A, ,DECK B,correct,DECK A, ,DECK B,blank,DECK A, ,DECK B,correct,DECK B,correct,DECK B,correct,DECK B,correct,DECK B,correct,DECK A, ,DECK A, ,DECK B,correct,DECK B,correct,DECK A, ,DECK B,incorrect,DECK B,blank,DECK B,correct,DECK A, ,DECK A, ,DECK A, ,DECK A, ,DECK A, ,DECK B,incorrect,,7,4,1,Yes,Blue,1,3,4,5,5,2,4,4,4,2,1,4,2,2,1,5,4,4,5,6,4,3,3,3,5,3
104,DECK A, ,DECK B,correct,DECK B,correct,DECK A, ,DECK A, ,DECK A, ,DECK A, ,DECK A, ,DECK A, ,DECK A, ,DECK A, ,DECK A, ,DECK A, ,DECK A, ,DECK B,correct,DECK A, ,DECK A, ,DECK A, ,DECK A, ,DECK A, ,DECK A, ,DECK A, ,DECK A, ,DECK A, ,DECK B,correct,0,2,2,0,No,Blue,2,2,4,4,4,4,3,2,4,3,2,2,1,3,2,4,1,5,5,3,7,4,6,5,6,2
105,DECK A, ,DECK B,correct,DECK A, ,DECK A, ,DECK A, ,DECK A, ,DECK B,incorrect,DECK A, ,DECK A, ,DECK A, ,DECK A, ,DECK A, ,DECK B,correct,DECK A, ,DECK A, ,DECK A, ,DECK A, ,DECK A, ,DECK B,correct,DECK B,correct,DECK B,incorrect,DECK A, ,DECK A, ,DECK A, ,DECK A, ,,7,1,4,Yes,Blue,2,3,3,3,3,3,2,4,3,3,3,3,3,3,2,5,4,4,4,4,5,5,4,4,4,5
106,DECK A, ,DECK B,incorrect,DECK A, ,DECK A, ,DECK B,incorrect,DECK B,incorrect,DECK A, ,DECK A, ,DECK A, ,DECK B,blank,DECK A, ,DECK B,incorrect,DECK A, ,DECK A, ,DECK A, ,DECK B,incorrect,DECK A, ,DECK B,incorrect,DECK A, ,DECK A, ,DECK B,incorrect,DECK A, ,DECK B,correct,DECK A, ,DECK B,correct,,5,2,1,No,Green,4,4,2,2,2,3,2,2,4,4,2,3,2,3,4,4,2,5,7,5,3,2,6,6,2,1
107,DECK B,correct,DECK A, ,DECK B,correct,DECK A, ,DECK A, ,DECK B,correct,DECK B,incorrect,DECK B,incorrect,DECK A, ,DECK A, ,DECK A, ,DECK B,correct,DECK B,correct,DECK A, ,DECK A, ,DECK A, ,DECK B,correct,DECK B,correct,DECK A, ,DECK A, ,DECK A, ,DECK A, ,DECK B,incorrect,DECK A, ,DECK A, ,0,7,4,0,No,Blue,3,4,2,4,2,4,2,4,4,5,4,1,5,4,4,1,2,3,1,3,3,5,2,2,4,3
108,DECK A, ,DECK B,incorrect,DECK A, ,DECK B,correct,DECK B,correct,DECK B,correct,DECK B,incorrect,DECK B,correct,DECK B,correct,DECK B,correct,DECK B,incorrect,DECK B,incorrect,DECK B,incorrect,DECK B,correct,DECK A, ,DECK A, ,DECK B,correct,DECK A, ,DECK A, ,DECK B,correct,DECK A, ,DECK B,correct,DECK B,correct,DECK A, ,DECK B,correct,0,7,1,3,No,Blue,4,3,3,2,1,1,2,1,4,3,4,2,3,5,3,5,2,4,6,2,5,3,2,3,3,4
109,DECK A, ,DECK A, ,DECK A, ,DECK A, ,DECK A, ,DECK A, ,DECK A, ,DECK A, ,DECK A, ,DECK A, ,DECK A, ,DECK A, ,DECK A, ,DECK A, ,DECK A, ,DECK A, ,DECK A, ,DECK A, ,DECK B,correct,DECK A, ,DECK A, ,DECK A, ,DECK A, ,DECK A, ,DECK A, ,,7,7,1,Yes,Blue,3,3,3,4,4,4,4,4,2,3,3,3,3,3,3,2,4,3,6,4,5,6,6,6,6,4
110,DECK A, ,DECK A, ,DECK A, ,DECK A, ,DECK B,correct,DECK A, ,DECK A, ,DECK A, ,DECK A, ,DECK A, ,DECK B,correct,DECK A, ,DECK A, ,DECK A, ,DECK B,correct,DECK A, ,DECK A, ,DECK A, ,DECK A, ,DECK A, ,DECK A, ,DECK A, ,DECK A, ,DECK A, ,DECK A, ,1,4,4,2,Yes,Blue,3,2,3,4,3,2,4,4,5,4,4,3,4,3,3,5,4,4,6,5,4,5,5,5,6,4
111,DECK B,correct,DECK A, ,DECK A, ,DECK A, ,DECK B,correct,DECK B,correct,DECK B,correct,DECK B,correct,DECK B,correct,DECK B,correct,DECK A, ,DECK A, ,DECK A, ,DECK A, ,DECK A, ,DECK B,incorrect,DECK B,correct,DECK B,correct,DECK B,correct,DECK B,correct,DECK A, ,DECK A, ,DECK A, ,DECK A, ,DECK A, ,,7,1,,No,Green,3,2,4,3,3,3,4,4,5,3,2,4,1,2,3,4,4,3,7,5,5,7,7,7,7,7
112,DECK A, ,DECK B,correct,DECK A, ,DECK A, ,DECK A, ,DECK A, ,DECK A, ,DECK A, ,DECK B,incorrect,DECK B,correct,DECK B,correct,DECK A, ,DECK B,correct,DECK A, ,DECK B,correct,DECK A, ,DECK B,correct,DECK A, ,DECK B,incorrect,DECK A, ,DECK B,correct,DECK A, ,DECK B,correct,DECK A, ,DECK B,correct,3,2,3,3,No,Blue,3,4,2,2,3,3,2,4,2,4,4,2,3,4,3,2,4,3,2,4,5,4,4,2,6,6
113,DECK A, ,DECK A, ,DECK B,incorrect,DECK A, ,DECK B,incorrect,DECK A, ,DECK A, ,DECK A, ,DECK B,incorrect,DECK B,correct,DECK B,correct,DECK B,correct,DECK B,correct,DECK A, ,DECK B,correct,DECK B,incorrect,DECK A, ,DECK A, ,DECK B,correct,DECK B,correct,DECK B,correct,DECK B,correct,DECK B,incorrect,DECK B,correct,DECK B,incorrect,5,1,6,,No,Green,4,4,2,2,1,3,4,4,4,3,4,2,4,4,2,3,2,3,5,2,5,6,6,7,5,3
114,DECK B,correct,DECK A, ,DECK B,incorrect,DECK A, ,DECK B,correct,DECK B,correct,DECK B,correct,DECK A, ,DECK B,correct,DECK B,correct,DECK B,correct,DECK B,correct,DECK B,correct,DECK B,incorrect,DECK B,incorrect,DECK B,correct,DECK B,incorrect,DECK B,incorrect,DECK A, ,DECK A, ,DECK A, ,DECK A, ,DECK A, ,DECK A, ,DECK A, ,2,3,1,5,No,Blue,5,4,2,1,2,1,4,5,2,2,4,2,2,4,1,5,3,2,5,2,3,6,6,2,1,3
115,DECK B,correct,DECK A, ,DECK B,incorrect,DECK A, ,DECK A, ,DECK A, ,DECK B,incorrect,DECK A, ,DECK A, ,DECK A, ,DECK A, ,DECK A, ,DECK A, ,DECK A, ,DECK B,incorrect,DECK A, ,DECK A, ,DECK A, ,DECK A, ,DECK A, ,DECK A, ,DECK A, ,DECK A, ,DECK A, ,DECK A, ,0,7,1,7,Yes,Blue,5,5,5,5,5,5,5,5,3,3,3,2,3,4,4,4,3,3,7,4,7,4,7,7,7,7
116,DECK A, ,DECK A, ,DECK A, ,DECK A, ,DECK A, ,DECK A, ,DECK A, ,DECK A, ,DECK A, ,DECK A, ,DECK A, ,DECK A, ,DECK A, ,DECK A, ,DECK A, ,DECK A, ,DECK A, ,DECK A, ,DECK A, ,DECK A, ,DECK A, ,DECK A, ,DECK A, ,DECK A, ,DECK A, ,1,5,,,Yes,Blue,4,4,2,2,2,4,2,3,4,5,5,2,4,4,4,2,2,4,5,3,3,2,2,2,4,1
117,DECK B,correct,DECK A, ,DECK B,incorrect,DECK A, ,DECK B,incorrect,DECK B,correct,DECK A, ,DECK B,incorrect,DECK B,correct,DECK B,incorrect,DECK B,incorrect,DECK B,correct,DECK B,correct,DECK B,correct,DECK B,correct,DECK B,correct,DECK B,incorrect,DECK B,correct,DECK A, ,DECK B,correct,DECK B,correct,DECK B,correct,DECK B,correct,DECK B,incorrect,DECK A, ,0,6,7,,Yes,Blue,4,4,4,3,4,3,4,1,5,3,4,3,3,2,2,5,4,5,5,1,4,5,5,2,5,5
118,DECK A, ,DECK B,correct,DECK A, ,DECK A, ,DECK B,incorrect,DECK A, ,DECK A, ,DECK B,incorrect,DECK B,correct,DECK B,correct,DECK B,correct,DECK A, ,DECK A, ,DECK A, ,DECK A, ,DECK B,correct,DECK A, ,DECK A, ,DECK A, ,DECK B,incorrect,DECK A, ,DECK B,blank,DECK A, ,DECK A, ,DECK B,incorrect,3,5,2,4,Yes,Blue,2,3,2,3,4,4,1,3,4,4,2,3,5,5,3,4,2,4,2,5,2,4,5,4,3,2
119,DECK B,incorrect9,DECK B,incorrect,DECK B,correct,DECK A, ,DECK A, ,DECK A, ,DECK B,correct,DECK B,incorrect,DECK A, ,DECK A, ,DECK A, ,DECK B,correct,DECK A, ,DECK B,correct,DECK A, ,DECK A, ,DECK B,correct,DECK B,correct,DECK B,incorrect,DECK A, ,DECK A, ,DECK A, ,DECK B,correct,DECK B,incorrect,DECK A, ,0,5,1,0,No,Blue,3,4,3,3,2,4,2,1,2,4,4,2,4,4,5,4,1,2,5,5,7,6,5,5,4,7
120,DECK A, ,DECK A, ,DECK B,incorrect,DECK B,incorrect,DECK B,incorrect,DECK B,incorrect,DECK B,incorrect,DECK B,incorrect,DECK B,incorrect,DECK B,incorrect,DECK A, ,DECK B,correct,DECK B,incorrect,DECK B,incorrect,DECK B,correct,DECK B,incorrect,DECK B,incorrect,DECK B,correct,DECK B,correct,DECK B,incorrect,DECK B,correct,DECK B,correct,DECK A, ,DECK B,incorrect,DECK B,incorrect,,6,5,4,No,Blue,2,3,3,3,4,2,4,4,5,3,3,3,2,4,3,5,4,4,5,4,6,2,5,5,4,3
121,DECK A, ,DECK B,correct,DECK A, ,DECK A, ,DECK A, ,DECK A, ,DECK A, ,DECK A, ,DECK A, ,DECK B,correct,DECK A, ,DECK A, ,DECK A, ,DECK A, ,DECK A, ,DECK A, ,DECK A, ,DECK A, ,DECK A, ,DECK A, ,DECK A, ,DECK B,correct,DECK B,correct,DECK A, ,DECK A, ,1,7,0,7,No,Blue,2,5,2,5,5,2,5,5,3,5,5,2,3,3,3,3,3,3,7,5,7,7,7,7,7,7
122,DECK A, ,DECK B,correct,DECK B,incorrect,DECK A, ,DECK B,correct,DECK B,correct,DECK B,correct,DECK B,correct,DECK B,correct,DECK B,correct,DECK B,correct,DECK B,correct,DECK B,correct,DECK B,incorrect,DECK B,correct,DECK B,correct,DECK B,correct,DECK B,incorrect,DECK B,incorrect,DECK B,incorrect,DECK B,correct,DECK B,correct,DECK B,incorrect,DECK B,incorrect,DECK B,correct,6,,6,4,No,Blue,3,2,4,3,3,1,2,3,3,3,4,4,2,2,2,5,2,3,5,6,4,2,4,5,5,7
123,DECK A, ,DECK A, ,DECK A, ,DECK B,incorrect,DECK B,incorrect,DECK A, ,DECK B,correct,DECK B,correct,DECK A, ,DECK B,correct,DECK B,correct,DECK A, ,DECK A, ,DECK B,correct,DECK B,correct,DECK B,incorrect,DECK A, ,DECK A, ,DECK B,correct,DECK B,correct,DECK A, ,DECK A, ,DECK B,incorrect,DECK B,correct,DECK B,incorrect,1,5,2,3,No,Blue,3,2,2,3,2,1,2,4,2,3,1,2,1,4,4,2,2,4,2,5,3,2,2,4,1,3
124,DECK A, ,DECK A, ,DECK A, ,DECK A, ,DECK B,incorrect,DECK B,incorrect,DECK A, ,DECK B,correct,DECK B,incorrect5,DECK B,incorrect,DECK B,incorrect,DECK B,incorrect,DECK B,incorrect,DECK B,correct,DECK B,incorrect,DECK B,incorrect,DECK B,correct,DECK B,incorrect,DECK B,incorrect,DECK B,incorrect,DECK B,incorrect,DECK B,correct,DECK B,incorrect,DECK B,incorrect,DECK B,correct,3,1,6,5,No,Blue,2,4,3,2,2,4,3,2,3,4,4,4,3,2,4,4,4,4,6,4,5,2,3,4,3,2
125,DECK B,correct,DECK B,incorrect,DECK A, ,DECK B,correct,DECK B,correct,DECK B,incorrect,DECK A, ,DECK A, ,DECK A, ,DECK A, ,DECK A, ,DECK B,incorrect,DECK B,incorrect,DECK B,correct,DECK B,correct,DECK B,incorrect,DECK B,incorrect,DECK B,incorrect,DECK B,correct,DECK B,incorrect,DECK A, ,DECK A, ,DECK A, ,DECK A, ,DECK B,incorrect,2,,2,,No,Blue,2,2,3,2,3,2,3,2,4,3,3,2,3,4,3,4,4,4,5,4,2,6,6,6,6,5
126,DECK B,correct,DECK A, ,DECK A, ,DECK A, ,DECK A, ,DECK A, ,DECK A, ,DECK A, ,DECK A, ,DECK A, ,DECK A, ,DECK A, ,DECK A, ,DECK A, ,DECK A, ,DECK A, ,DECK A, ,DECK A, ,DECK A, ,DECK A, ,DECK A, ,DECK A, ,DECK A, ,DECK A, ,DECK A, ,0,5,4,,No,Blue,3,3,1,2,1,4,2,3,2,3,4,1,4,5,4,3,2,4,3,1,4,6,2,2,3,5
127,DECK A, ,DECK A, ,DECK B,correct,DECK A, ,DECK B,correct,DECK B,correct,DECK B,correct,DECK B,correct,DECK A, ,DECK B,correct,DECK B,correct,DECK B,correct,DECK B,correct,DECK B,correct,DECK B,correct,DECK B,correct,DECK A, ,DECK B,correct,DECK B,correct,DECK B,incorrect,DECK B,correct,DECK B,correct,DECK B,correct,DECK B,correct,DECK B,correct,0,3,5,1,No,Blue,3,2,3,3,2,3,4,3,3,3,2,2,3,4,3,4,3,4,4,2,5,4,6,5,4,2
129,DECK A, ,DECK B,incorrect,DECK A, ,DECK B,correct,DECK A, ,DECK B,correct,DECK A, ,DECK B,correct,DECK A, ,DECK A, ,DECK B,correct,DECK B,incorrect,DECK A, ,DECK A, ,DECK B,correct,DECK B,correct,DECK B,correct,DECK A, ,DECK A, ,DECK B,correct,DECK B,correct,DECK A, ,DECK A, ,DECK A, ,DECK B,correct,,7,1,5,No,Blue,3,4,2,1,1,4,2,1,2,5,4,1,2,4,3,3,1,4,3,4,1,3,3,5,1,1
130,DECK A, ,DECK B,incorrect,DECK A, ,DECK A, ,DECK A, ,DECK A, ,DECK A, ,DECK A, ,DECK A, ,DECK A, ,DECK A, ,DECK A, ,DECK A, ,DECK A, ,DECK A, ,DECK A, ,DECK A, ,DECK A, ,DECK A, ,DECK A, ,DECK A, ,DECK A, ,DECK A, ,DECK A, ,DECK A, ,0,3,4,1,Yes,Blue,3,3,3,4,4,2,2,2,4,2,2,3,2,3,3,4,1,4,6,3,4,6,5,5,3,4
131,DECK A, ,DECK A, ,DECK A, ,DECK A, ,DECK A, ,DECK A, ,DECK A, ,DECK A, ,DECK A, ,DECK A, ,DECK B,correct,DECK B,incorrect,DECK B,correct,DECK B,incorrect,DECK B,correct,DECK B,incorrect,DECK B,correct,DECK A, ,DECK A, ,DECK A, ,DECK A, ,DECK B,incorrect,DECK A, ,DECK B,correct,DECK A, ,,3,2,,No,Green,5,4,1,1,1,3,2,2,1,4,3,2,4,4,4,4,2,5,5,3,3,3,3,3,3,1
132,DECK A, ,DECK A, ,DECK A, ,DECK A, ,DECK B,correct,DECK A, ,DECK A, ,DECK A, ,DECK A, ,DECK A, ,DECK A, ,DECK A, ,DECK A, ,DECK B,correct,DECK A, ,DECK A, ,DECK B,incorrect,DECK A, ,DECK B,correct,DECK B,incorrect,DECK A, ,DECK A, ,DECK A, ,DECK A, ,DECK A, ,4,7,2,7,Yes,Blue,2,3,3,3,3,3,2,4,3,3,4,3,4,5,3,4,3,3,2,2,2,3,3,2,1,3
133,DECK A, ,DECK B,correct,DECK B,incorrect,DECK B,correct,DECK B,correct,DECK A, ,DECK B,correct,DECK B,correct,DECK B,incorrect,DECK B,correct,DECK B,correct,DECK B,correct,DECK B,correct,DECK B,correct,DECK B,correct,DECK B,correct,DECK B,correct,DECK B,correct,DECK B,correct,DECK A, ,DECK B,correct,DECK B,correct,DECK B,correct,DECK B,correct,DECK B,incorrect,1,5,1,5,No,Blue,3,3,3,2,3,4,2,3,3,3,3,2,2,3,3,2,3,2,3,3,4,2,3,3,4,3
134,DECK A, ,DECK B,correct,DECK B,correct,DECK A, ,DECK A, ,DECK A, ,DECK B,correct,DECK B,correct,DECK A, ,DECK A, ,DECK A, ,DECK B,correct,DECK B,correct,DECK B,incorrect,DECK B,correct,DECK A, ,DECK A, ,DECK A, ,DECK A, ,DECK A, ,DECK A, ,DECK A, ,DECK A, ,DECK B,correct,DECK B,correct,2,7,3,5,No,Blue,1,2,1,4,4,4,4,5,5,4,2,2,1,2,4,5,2,4,1,5,6,3,6,2,3,7
135,DECK A, ,DECK B,incorrect,DECK A, ,DECK A, ,DECK B,correct,DECK B,correct,DECK B,correct,DECK B,correct,DECK B,correct,DECK B,correct,DECK B,correct,DECK B,incorrect,DECK B,correct,DECK B,correct,DECK B,incorrect,DECK B,correct,DECK A, ,DECK B,incorrect,DECK B,incorrect,DECK B,correct,DECK B,incorrect,DECK B,correct,DECK B,correct,DECK B,correct,DECK B,correct,0,5,3,2,No,Blue,2,3,3,4,2,2,4,4,4,3,2,2,3,4,2,4,3,3,6,3,3,5,4,4,6,2
136,DECK A, ,DECK B,correct,DECK A, ,DECK A, ,DECK B,correct,DECK A, ,DECK B,correct,DECK B,correct,DECK A, ,DECK A, ,DECK B,incorrect,DECK B,incorrect,DECK A, ,DECK B,incorrect,DECK B,incorrect1,DECK B,correct,DECK B,correct,DECK B,correct,DECK A, ,DECK A, ,DECK A, ,DECK B,correct,DECK B,correct,DECK B,correct,DECK B,correct,0,3,4,3,No,Blue,4,4,3,3,3,3,4,5,3,2,3,3,2,2,3,3,4,2,5,5,6,5,4,2,5,3
137,DECK A, ,DECK A, ,DECK A, ,DECK B,correct,DECK A, ,DECK A, ,DECK A, ,DECK B,incorrect,DECK B,incorrect,DECK B,correct,DECK B,incorrect,DECK B,blank,DECK A, ,DECK A, ,DECK A, ,DECK A, ,DECK A, ,DECK A, ,DECK A, ,DECK B,incorrect,DECK A, ,DECK A, ,DECK A, ,DECK A, ,DECK A, ,0,7,7,7,No,Blue,4,1,2,3,3,3,3,3,4,4,2,3,5,2,3,5,1,4,4,2,4,2,5,5,1,1
139,DECK A, ,DECK A, ,DECK A, ,DECK B,incorrect,DECK B,incorrect,DECK A, ,DECK A, ,DECK A, ,DECK B,incorrect,DECK A, ,DECK A, ,DECK A, ,DECK A, ,DECK B,incorrect,DECK B,incorrect,DECK B,incorrect,DECK B,correct,DECK B,incorrect,DECK B,incorrect,DECK A, ,DECK A, ,DECK A, ,DECK A, ,DECK B,incorrect,DECK B,correct,0,4,4,2,No,Blue,2,2,3,3,3,4,4,4,4,4,4,2,2,3,4,4,4,4,6,2,4,5,4,2,3,2
140,DECK B,correct,DECK A, ,DECK A, ,DECK A, ,DECK A, ,DECK B,correct,DECK B,correct,DECK B,correct,DECK B,correct,DECK B,correct,DECK B,correct,DECK B,correct,DECK B,incorrect,DECK B,correct,DECK B,incorrect,DECK B,correct,DECK B,correct,DECK B,incorrect,DECK B,correct,DECK A, ,DECK B,correct,DECK B,correct,DECK B,correct,DECK B,correct,DECK B,correct,0,7,1,1,No,Blue,4,4,2,2,2,3,3,4,4,4,4,2,4,4,4,4,3,4,2,3,2,5,5,5,2,4
141,DECK A, ,DECK B,correct,DECK B,correct,DECK A, ,DECK A, ,DECK B,incorrect,DECK A, ,DECK B,correct,DECK B,correct,DECK B,incorrect,DECK B,correct,DECK A, ,DECK A, ,DECK B,correct,DECK A, ,DECK B,correct,DECK A, ,DECK A, ,DECK A, ,DECK A, ,DECK B,correct,DECK A, ,DECK B,correct,DECK B,correct,DECK B,correct,1,2,6,4,Yes,Blue,3,3,2,3,3,3,3,3,3,4,3,2,3,3,3,4,2,3,4,4,4,2,2,2,2,3
142,DECK A, ,DECK B,correct,DECK B,correct,DECK A, ,DECK B,correct,DECK B,correct,DECK A, ,DECK B,correct,DECK A, ,DECK B,correct,DECK B,correct,DECK B,correct,DECK A, ,DECK A, ,DECK B,correct,DECK A, ,DECK B,correct,DECK B,correct,DECK A, ,DECK B,correct,DECK A, ,DECK A, ,DECK B,correct,DECK A, ,DECK A, ,0,7,5,,No,Green,2,4,2,2,2,2,2,3,4,4,4,2,4,4,4,2,2,4,5,4,6,4,5,6,6,5
143,DECK A, ,DECK B,incorrect,DECK A, ,DECK A, ,DECK B,correct,DECK B,correct,DECK B,incorrect,DECK A, ,DECK A, ,DECK A, ,DECK A, ,DECK A, ,DECK A, ,DECK A, ,DECK B,blank,DECK A, ,DECK A, ,DECK A, ,DECK A, ,DECK A, ,DECK A, ,DECK B,correct,DECK A, ,DECK A, ,DECK A, ,0,0,1,7,Yes,Blue,3,3,3,3,2,4,4,3,3,4,2,2,2,3,3,3,3,2,3,6,4,5,2,2,4,4
144,DECK A, ,DECK A, ,DECK A, ,DECK A, ,DECK A, ,DECK A, ,DECK A, ,DECK A, ,DECK A, ,DECK A, ,DECK A, ,DECK A, ,DECK A, ,DECK A, ,DECK A, ,DECK A, ,DECK A, ,DECK A, ,DECK A, ,DECK A, ,DECK A, ,DECK A, ,DECK A, ,DECK A, ,DECK A, ,2,7,5,7,No,Blue,2,2,4,3,5,1,5,5,5,4,4,2,2,4,3,5,4,4,3,2,2,6,5,5,6,7
145,DECK A, ,DECK B,incorrect,DECK A, ,DECK A, ,DECK A, ,DECK A, ,DECK A, ,DECK B,correct,DECK A, ,DECK A, ,DECK A, ,DECK B,correct,DECK A, ,DECK A, ,DECK A, ,DECK A, ,DECK A, ,DECK B,correct,DECK A, ,DECK A, ,DECK A, ,DECK A, ,DECK A, ,DECK A, ,DECK A, ,,4,3,1,No,Blue,3,3,3,3,3,3,3,3,3,3,3,3,3,3,3,3,3,3,4,4,4,4,4,4,4,4
146,DECK A, ,DECK A, ,DECK A, ,DECK A, ,DECK A, ,DECK A, ,DECK A, ,DECK A, ,DECK A, ,DECK A, ,DECK A, ,DECK A, ,DECK A, ,DECK A, ,DECK A, ,DECK A, ,DECK A, ,DECK A, ,DECK A, ,DECK A, ,DECK A, ,DECK A, ,DECK A, ,DECK A, ,DECK A, ,7,4,,5,No,Blue,2,3,3,2,2,4,4,3,4,4,2,2,2,2,4,5,2,2,5,3,4,2,3,2,2,5
147,DECK A, ,DECK A, ,DECK A, ,DECK B,incorrect,DECK A, ,DECK A, ,DECK A, ,DECK A, ,DECK A, ,DECK A, ,DECK A, ,DECK A, ,DECK B,blank,DECK A, ,DECK A, ,DECK A, ,DECK A, ,DECK A, ,DECK A, ,DECK A, ,DECK B,correct,DECK A, ,DECK A, ,DECK A, ,DECK A, ,2,2,1,1,No,Blue,4,3,2,4,4,4,3,4,4,4,4,2,4,4,3,4,2,2,2,2,3,4,2,3,3,3
148,DECK A, ,DECK A, ,DECK B,correct,DECK B,correct,DECK A, ,DECK A, ,DECK A, ,DECK B,incorrect,DECK A, ,DECK B,incorrect,DECK A, ,DECK B,correct,DECK B,correct,DECK A, ,DECK B,correct,DECK A, ,DECK B,correct,DECK A, ,DECK B,incorrect,DECK B,correct,DECK B,incorrect,DECK A, ,DECK A, ,DECK B,incorrect,DECK B,incorrect,,7,3,3,Yes,Blue,4,3,4,4,4,3,2,3,3,2,3,2,3,3,3,3,2,3,5,5,6,5,6,4,3,3
149,DECK A, ,DECK A, ,DECK A, ,DECK B,correct,DECK B,correct,DECK B,correct,DECK B,correct,DECK B,incorrect,DECK B,incorrect,DECK B,correct,DECK A, ,DECK B,incorrect,DECK B,correct,DECK B,correct,DECK B,correct,DECK B,incorrect,DECK B,incorrect,DECK B,incorrect,DECK B,incorrect,DECK A, ,DECK A, ,DECK B,incorrect,DECK B,incorrect,DECK B,incorrect,DECK B,incorrect,0,3,4,1,No,Blue,4,4,2,2,2,4,3,2,2,3,4,1,4,4,3,2,1,4,3,3,2,3,1,3,1,1
150,DECK A, ,DECK B,incorrect,DECK A, ,DECK B,correct,DECK B,correct,DECK B,correct,DECK B,correct,DECK A, ,DECK A, ,DECK B,correct,DECK B,correct,DECK B,correct,DECK A, ,DECK A, ,DECK B,correct,DECK B,correct,DECK B,correct,DECK A, ,DECK A, ,DECK A, ,DECK A, ,DECK A, ,DECK A, ,DECK B,correct,DECK B,correct,0,4,4,2,No,Blue,4,4,4,3,2,2,2,5,4,2,4,2,4,2,4,5,2,4,2,3,5,2,2,3,3,3
151,DECK B,correct,DECK B,correct,DECK A, ,DECK A, ,DECK B,incorrect,DECK B,correct,DECK B,correct,DECK A, ,DECK B,correct,DECK B,correct,DECK B,correct,DECK B,incorrect,DECK B,correct,DECK B,correct,DECK B,incorrect,DECK B,correct,DECK B,correct,DECK B,correct,DECK A, ,DECK A, ,DECK B,correct,DECK B,incorrect,DECK B,correct,DECK A, ,DECK A, ,7,6,7,5,No,Blue,2,2,3,4,3,4,4,2,3,3,4,2,3,4,2,3,2,3,4,3,4,2,3,3,1,3
152,DECK A, ,DECK A, ,DECK A, ,DECK A, ,DECK B,incorrect,DECK B,incorrect,DECK A, ,DECK B,correct,DECK B,correct,DECK B,correct,DECK B,correct,DECK B,incorrect,DECK B,correct,DECK B,incorrect,DECK B,incorrect,DECK B,incorrect,DECK B,correct,DECK B,correct,DECK B,correct,DECK B,correct,DECK A, ,DECK B,correct,DECK B,incorrect,DECK B,incorrect,DECK B,correct,,7,1,1,No,Blue,4,3,4,3,2,4,2,4,5,3,3,4,1,2,3,4,4,2,2,2,5,3,3,6,1,1
153,DECK A, ,DECK A, ,DECK B,incorrect,DECK B,incorrect,DECK A, ,DECK A, ,DECK B,incorrect,DECK A, ,DECK A, ,DECK B,incorrect,DECK A, ,DECK A, ,DECK A, ,DECK A, ,DECK B,incorrect,DECK A, ,DECK A, ,DECK A, ,DECK B,incorrect,DECK B,correct,DECK B,correct,DECK A, ,DECK A, ,DECK A, ,DECK B,correct,0,6,7,6,No,Blue,1,1,1,2,1,1,3,4,5,1,1,1,4,5,5,5,1,5,7,3,7,6,7,6,1,1
154,DECK A, ,DECK A, ,DECK A, ,DECK B,correct,DECK B,correct,DECK B,incorrect,DECK A, ,DECK B,incorrect,DECK A, ,DECK B,incorrect,DECK B,correct,DECK B,correct,DECK B,incorrect,DECK A, ,DECK A, ,DECK B,correct,DECK B,incorrect,DECK A, ,DECK B,incorrect,DECK B,correct,DECK A, ,DECK A, ,DECK A, ,DECK A, ,DECK B,correct,2,5,6,1,No,Blue,2,4,4,3,2,2,4,3,2,5,4,3,1,5,4,3,3,4,2,5,5,6,2,2,3,3
155,DECK A, ,DECK B,correct,DECK A, ,DECK B,correct,DECK B,incorrect,DECK B,incorrect,DECK B,incorrect,DECK A, ,DECK B,correct,DECK B,correct,DECK B,incorrect,DECK B,correct,DECK B,correct,DECK B,incorrect,DECK A, ,DECK B,correct,DECK B,incorrect,DECK A, ,DECK B,incorrect,DECK A, ,DECK B,correct,DECK B,correct,DECK B,correct,DECK B,incorrect,DECK B,incorrect,,7,7,,Yes,Blue,3,5,3,2,3,4,3,4,3,2,3,5,5,5,5,5,4,3,5,5,6,6,6,7,4,5
156,DECK A, ,DECK B,incorrect,DECK A, ,DECK B,correct,DECK A, ,DECK A, ,DECK B,correct,DECK A, ,DECK B,correct,DECK A, ,DECK B,incorrect,DECK B,correct,DECK B,correct,DECK A, ,DECK A, ,DECK A, ,DECK A, ,DECK A, ,DECK A, ,DECK B,correct,DECK B,correct,DECK B,correct,DECK B,incorrect,DECK A, ,DECK A, ,,7,3,,No,Blue,1,1,4,3,5,1,4,4,5,4,1,1,3,4,1,4,3,3,3,1,7,4,7,6,6,4
157,DECK B,correct,DECK B,correct,DECK A, ,DECK A, ,DECK B,incorrect,DECK A, ,DECK A, ,DECK B,incorrect,DECK A, ,DECK A, ,DECK B,correct,DECK B,correct,DECK B,correct,DECK A, ,DECK A, ,DECK B,correct,DECK B,correct,DECK A, ,DECK A, ,DECK B,correct,DECK B,correct,DECK A, ,DECK A, ,DECK B,correct,DECK B,correct,1,2,2,1,No,Blue,4,3,3,3,3,4,3,3,2,3,4,3,3,4,4,4,4,4,7,5,5,6,6,6,6,7
158,DECK A, ,DECK A, ,DECK A, ,DECK B,correct,DECK A, ,DECK B,correct,DECK B,correct,DECK B,correct,DECK B,correct,DECK B,correct,DECK B,incorrect,DECK B,correct,DECK B,correct,DECK A, ,DECK B,correct,DECK B,incorrect,DECK B,correct,DECK B,correct,DECK B,incorrect,DECK B,incorrect,DECK B,correct,DECK B,correct,DECK B,incorrect,DECK B,correct,DECK B,correct,1,4,3,4,No,Blue,3,4,2,3,2,5,2,2,4,4,5,1,3,3,3,2,1,4,3,2,2,2,3,3,3,1
159,DECK A, ,DECK B,incorrect,DECK B,correct,DECK A, ,DECK A, ,DECK A, ,DECK A, ,DECK B,incorrect,DECK B,correct,DECK A, ,DECK A, ,DECK B,correct,DECK B,correct,DECK B,correct,DECK B,correct,DECK A, ,DECK A, ,DECK A, ,DECK B,correct,DECK B,correct,DECK B,correct,DECK B,incorrect,DECK B,correct,DECK B,incorrect,DECK B,incorrect,,7,4,1,No,Blue,2,2,4,4,4,3,4,2,4,5,4,3,1,2,2,5,2,4,2,3,6,6,4,1,3,3
160,DECK A, ,DECK A, ,DECK B,incorrect,DECK B,correct,DECK B,correct,DECK B,correct,DECK B,correct,DECK B,correct,DECK B,correct,DECK B,correct,DECK B,correct,DECK B,incorrect,DECK B,correct,DECK A, ,DECK A, ,DECK A, ,DECK A, ,DECK A, ,DECK A, ,DECK A, ,DECK A, ,DECK A, ,DECK A, ,DECK A, ,DECK A, ,0,0,1,1,No,Blue,3,4,3,4,4,2,3,3,3,2,4,3,3,4,2,2,2,3,4,5,6,5,6,6,5,4
161,DECK B,correct,DECK A, ,DECK B,correct,DECK A, ,DECK B,correct,DECK B,correct,DECK A, ,DECK B,incorrect,DECK B,correct,DECK B,correct,DECK A, ,DECK A, ,DECK B,correct,DECK A, ,DECK B,correct,DECK B,correct,DECK B,correct,DECK A, ,DECK B,correct,DECK A, ,DECK B,correct,DECK B,correct,DECK B,correct,DECK B,correct,DECK A, ,,5,6,,No,Blue,3,2,3,3,2,2,4,2,2,3,4,1,3,3,3,4,3,3,5,2,4,4,3,2,1,2
162,DECK A, ,DECK A, ,DECK B,blank,DECK B,incorrect,DECK A, ,DECK B,incorrect,DECK A, ,DECK B,correct,DECK B,incorrect,DECK B,incorrect,DECK B,incorrect,DECK B,incorrect,DECK A, ,DECK B,incorrect,DECK B,incorrect,DECK B,incorrect,DECK B,incorrect,DECK B,incorrect,DECK B,incorrect,DECK A, ,DECK B,incorrect,DECK B,correct,DECK B,incorrect,DECK B,incorrect,DECK B,incorrect,0,,5,4,No,Blue,5,5,5,5,4,4,4,4,4,3,4,4,1,4,4,2,2,2,4,4,4,2,2,2,2,2
164,DECK A, ,DECK B,correct,DECK A, ,DECK B,correct,DECK B,correct,DECK A, ,DECK B,correct,DECK A, ,DECK B,incorrect,DECK A, ,DECK B,correct,DECK B,correct,DECK A, ,DECK B,correct,DECK B,correct,DECK B,correct,DECK A, ,DECK B,incorrect,DECK B,correct,DECK A, ,DECK B,correct,DECK B,correct,DECK B,correct,DECK B,correct,DECK A, ,,7,1,2,No,Blue,3,4,2,2,1,4,2,4,3,3,3,4,3,3,3,4,2,4,4,4,2,4,5,3,1,2
165,DECK B,correct,DECK A, ,DECK B,correct,DECK B,incorrect,DECK A, ,DECK A, ,DECK B,incorrect,DECK B,incorrect,DECK A, ,DECK B,correct,DECK A, ,DECK B,correct,DECK B,correct,DECK A, ,DECK A, ,DECK B,incorrect,DECK B,correct,DECK A, ,DECK A, ,DECK A, ,DECK B,correct,DECK A, ,DECK B,correct,DECK A, ,DECK A, ,,2,6,,No,Blue,4,2,2,2,4,2,4,4,4,3,4,2,2,4,2,2,1,3,6,2,5,6,6,6,3,3
166,DECK A, ,DECK A, ,DECK B,correct,DECK A, ,DECK B,correct,DECK A, ,DECK B,correct,DECK A, ,DECK B,incorrect,DECK A, ,DECK B,incorrect,DECK A, ,DECK B,incorrect,DECK A, ,DECK A, ,DECK A, ,DECK B,incorrect,DECK A, ,DECK B,incorrect,DECK A, ,DECK B,incorrect,DECK A, ,DECK A, ,DECK B,incorrect,DECK A, ,0,7,5,0,No,Blue,2,3,4,2,2,4,3,5,2,2,3,2,2,2,3,4,4,5,5,2,6,4,4,5,1,2
167,DECK B,correct,DECK A, ,DECK A, ,DECK A, ,DECK B,incorrect,DECK B,correct,DECK B,correct,DECK A, ,DECK A, ,DECK A, ,DECK B,incorrect,DECK B,incorrect,DECK A, ,DECK A, ,DECK A, ,DECK A, ,DECK A, ,DECK A, ,DECK A, ,DECK B,correct,DECK A, ,DECK A, ,DECK A, ,DECK A, ,DECK A, ,0,3,2,1,No,Blue,3,3,3,3,3,4,2,3,2,4,3,2,3,4,3,4,3,3,4,2,4,4,3,2,2,1
168,DECK A, ,DECK B,correct,DECK A, ,DECK A, ,DECK B,correct,DECK A, ,DECK A, ,DECK A, ,DECK B,correct,DECK B,correct,DECK A, ,DECK A, ,DECK B,correct,DECK A, ,DECK A, ,DECK B,correct,DECK B,correct,DECK B,correct,DECK B,correct,DECK A, ,DECK B,incorrect,DECK B,correct,DECK A, ,DECK B,correct,DECK A, ,1,3,1,3,No,Blue,4,5,2,2,2,4,4,3,4,4,2,3,3,3,4,4,3,3,3,4,6,5,3,2,3,3
169,DECK A, ,DECK B,correct,DECK A, ,DECK B,correct,DECK A, ,DECK A, ,DECK B,correct,DECK A, ,DECK B,correct,DECK A, ,DECK B,incorrect,DECK A, ,DECK B,correct,DECK A, ,DECK B,correct,DECK A, ,DECK B,incorrect,DECK A, ,DECK A, ,DECK B,correct,DECK B,correct,DECK A, ,DECK A, ,DECK A, ,DECK A, ,0,2,4,,No,Blue,3,3,3,3,3,2,4,4,4,4,3,3,3,3,3,4,3,3,4,4,4,4,4,4,4,2
170,DECK A, ,DECK B,correct,DECK A, ,DECK B,incorrect,DECK B,correct,DECK B,correct,DECK A, ,DECK A, ,DECK B,correct,DECK B,correct,DECK B,correct,DECK A, ,DECK A, ,DECK B,correct,DECK A, ,DECK B,correct,DECK A, ,DECK B,correct,DECK A, ,DECK B,correct,DECK A, ,DECK B,correct,DECK A, ,DECK A, ,DECK B,correct,0,3,4,4,No,Blue,3,3,2,4,3,3,4,2,2,4,3,2,3,3,4,4,2,3,3,3,4,2,4,3,1,2
171,DECK B,correct,DECK B,correct,DECK B,correct,DECK B,correct,DECK A, ,DECK A, ,DECK A, ,DECK B,correct,DECK A, ,DECK A, ,DECK B,correct,DECK B,incorrect,DECK B,correct,DECK B,correct,DECK B,incorrect,DECK A, ,DECK A, ,DECK B,correct,DECK B,correct,DECK B,correct,DECK A, ,DECK A, ,DECK A, ,DECK B,correct,DECK B,correct,,5,3,1,No,Blue,3,3,3,3,4,1,4,4,3,3,2,3,2,3,4,3,3,2,4,4,2,4,5,4,2,3
172,DECK A, ,DECK A, ,DECK A, ,DECK A, ,DECK A, ,DECK A, ,DECK B,incorrect,DECK A, ,DECK B,incorrect,DECK A, ,DECK A, ,DECK A, ,DECK A, ,DECK A, ,DECK A, ,DECK A, ,DECK A, ,DECK A, ,DECK A, ,DECK B,incorrect,DECK A, ,DECK A, ,DECK A, ,DECK A, ,DECK A, ,2,1,2,1,Yes,Blue,4,3,4,3,5,4,5,5,3,5,5,5,5,5,3,3,3,4,6,4,3,2,5,5,6,6
173,DECK A, ,DECK A, ,DECK A, ,DECK A, ,DECK A, ,DECK A, ,DECK A, ,DECK A, ,DECK A, ,DECK A, ,DECK A, ,DECK B,correct,DECK A, ,DECK A, ,DECK A, ,DECK A, ,DECK A, ,DECK A, ,DECK A, ,DECK A, ,DECK A, ,DECK A, ,DECK A, ,DECK A, ,DECK A, ,,7,3,3,No,Blue,3,3,2,2,2,3,2,4,4,4,3,2,3,3,3,5,1,3,2,4,2,4,2,2,2,2
174,DECK B,correct,DECK B,incorrect,DECK B,correct,DECK B,correct,DECK A, ,DECK A, ,DECK A, ,DECK B,incorrect,DECK B,correct,DECK A, ,DECK A, ,DECK A, ,DECK B,correct,DECK B,correct,DECK A, ,DECK B,correct,DECK A, ,DECK B,incorrect,DECK A, ,DECK A, ,DECK B,correct,DECK A, ,DECK A, ,DECK B,correct,DECK A, ,0,0,2,4,No,Blue,1,2,5,4,4,1,4,4,5,2,1,3,3,3,2,2,2,2,1,1,6,1,1,1,1,1
175,DECK A, ,DECK A, ,DECK B,incorrect,DECK B,correct,DECK B,correct,DECK A, ,DECK B,incorrect,DECK A, ,DECK A, ,DECK B,incorrect,DECK A, ,DECK B,correct,DECK B,incorrect,DECK B,correct,DECK B,correct,DECK B,correct,DECK B,correct,DECK B,correct,DECK B,correct,DECK B,correct,DECK B,incorrect,DECK A, ,DECK A, ,DECK A, ,DECK B,incorrect,1,5,0,1,No,Blue,3,3,3,4,3,4,3,4,4,4,4,3,3,3,3,2,2,4,7,6,6,6,6,6,5,2
176,DECK A, ,DECK A, ,DECK B,correct,DECK A, ,DECK B,incorrect,DECK A, ,DECK A, ,DECK A, ,DECK B,correct,DECK A, ,DECK A, ,DECK A, ,DECK A, ,DECK A, ,DECK B,incorrect,DECK A, ,DECK A, ,DECK A, ,DECK B,correct,DECK A, ,DECK B,correct,DECK A, ,DECK A, ,DECK B,correct,DECK A, ,4,4,3,3,No,Blue,3,2,3,2,3,3,3,3,3,3,4,3,2,3,2,2,3,2,2,2,4,2,4,4,2,4
177,DECK A, ,DECK B,correct,DECK B,correct,DECK A, ,DECK B,incorrect,DECK B,correct,DECK A, ,DECK A, ,DECK A, ,DECK A, ,DECK B,correct,DECK A, ,DECK B,blank,DECK A, ,DECK B,correct,DECK A, ,DECK B,incorrect,DECK A, ,DECK A, ,DECK B,correct,DECK B,incorrect,DECK A, ,DECK A, ,DECK A, ,DECK A, ,5,6,1,1,No,Blue,4,4,4,4,2,5,2,4,4,3,3,1,2,3,4,3,4,2,5,6,6,5,2,3,2,5
178,DECK A, ,DECK B,incorrect,DECK A, ,DECK B,correct,DECK A, ,DECK A, ,DECK A, ,DECK A, ,DECK A, ,DECK A, ,DECK A, ,DECK A, ,DECK A, ,DECK A, ,DECK A, ,DECK A, ,DECK B,correct,DECK B,correct,DECK A, ,DECK A, ,DECK A, ,DECK A, ,DECK A, ,DECK A, ,DECK A, ,,7,3,4,No,Blue,4,3,2,2,2,5,4,4,3,3,4,2,4,4,3,5,4,2,2,1,1,3,2,1,3,3
179,DECK A, ,DECK A, ,DECK A, ,DECK A, ,DECK B,correct,DECK A, ,DECK B,incorrect,DECK B,correct,DECK B,correct,DECK B,correct,DECK A, ,DECK A, ,DECK B,incorrect,DECK B,incorrect,DECK A, ,DECK B,incorrect,DECK B,correct,DECK A, ,DECK B,correct,DECK B,correct,DECK A, ,DECK A, ,DECK A, ,DECK A, ,DECK B,correct,2,6,2,6,No,Blue,3,4,4,4,4,2,4,4,4,2,3,4,5,4,3,5,5,5,7,7,7,7,5,4,3,3
180,DECK A, ,DECK A, ,DECK B,incorrect,DECK A, ,DECK B,incorrect,DECK A, ,DECK A, ,DECK B,correct,DECK B,correct,DECK B,correct,DECK B,correct,DECK B,correct,DECK A, ,DECK A, ,DECK B,incorrect,DECK B,correct,DECK B,correct,DECK B,correct,DECK B,correct,DECK B,correct,DECK B,correct,DECK B,correct,DECK B,correct,DECK B,correct,DECK B,correct,,7,7,,No,Blue,4,4,2,2,2,4,4,3,3,3,3,3,3,3,5,5,3,3,5,5,4,5,3,3,1,1
181,DECK A, ,DECK B,correct,DECK A, ,DECK A, ,DECK B,incorrect,DECK A, ,DECK B,correct,DECK B,correct,DECK B,correct,DECK B,correct,DECK A, ,DECK A, ,DECK A, ,DECK B,incorrect,DECK A, ,DECK A, ,DECK A, ,DECK A, ,DECK B,correct,DECK A, ,DECK B,incorrect,DECK A, ,DECK A, ,DECK B,correct,DECK B,correct,,7,3,1,No,Blue,2,3,4,5,5,3,2,2,3,3,2,2,2,3,2,4,2,3,7,7,7,6,7,7,7,7
182,DECK B,correct,DECK B,correct,DECK A, ,DECK A, ,DECK B,correct,DECK A, ,DECK B,correct,DECK A, ,DECK A, ,DECK B,correct,DECK A, ,DECK A, ,DECK A, ,DECK B,correct,DECK A, ,DECK A, ,DECK B,incorrect,DECK A, ,DECK A, ,DECK B,correct,DECK A, ,DECK A, ,DECK B,correct,DECK A, ,DECK A, ,0,0,1,1,No,Blue,2,2,3,3,2,2,4,4,4,3,2,2,2,4,3,5,3,5,4,3,5,6,7,5,5,1
183,DECK B,correct,DECK A, ,DECK A, ,DECK A, ,DECK A, ,DECK B,incorrect,DECK B,correct,DECK A, ,DECK A, ,DECK B,correct,DECK A, ,DECK A, ,DECK A, ,DECK A, ,DECK A, ,DECK A, ,DECK A, ,DECK A, ,DECK B,correct,DECK B,correct,DECK B,correct,DECK A, ,DECK A, ,DECK A, ,DECK A, ,,7,1,3,Yes,Green,5,5,1,3,2,2,5,2,3,4,5,1,5,5,4,3,4,3,5,1,3,1,1,1,2,5
184,DECK B,correct,DECK B,correct,DECK A, ,DECK A, ,DECK A, ,DECK A, ,DECK A, ,DECK B,correct,DECK B,correct,DECK A, ,DECK A, ,DECK B,correct,DECK A, ,DECK B,correct,DECK B,correct,DECK B,correct,DECK B,correct,DECK A, ,DECK A, ,DECK A, ,DECK B,incorrect,DECK B,incorrect,DECK B,correct,DECK A, ,DECK B,correct,1,1,5,3,No,Blue,3,4,2,2,2,3,2,2,4,2,4,2,3,4,4,4,1,4,4,4,4,2,4,4,4,2
185,DECK B,incorrect,DECK A, ,DECK B,incorrect,DECK B,incorrect,DECK B,correct,DECK B,correct,DECK B,correct,DECK B,correct,DECK B,correct,DECK B,correct,DECK B,correct,DECK B,incorrect,DECK B,correct,DECK A, ,DECK A, ,DECK A, ,DECK B,correct,DECK A, ,DECK A, ,DECK A, ,DECK A, ,DECK B,correct,DECK B,incorrect,DECK B,correct,DECK B,correct,,7,5,,No,Blue,4,4,3,2,2,4,3,3,2,4,3,1,4,4,4,5,2,3,3,3,2,5,3,4,1,4
186,DECK B,correct,DECK A, ,DECK A, ,DECK A, ,DECK B,correct,DECK A, ,DECK A, ,DECK A, ,DECK A, ,DECK B,correct,DECK B,incorrect,DECK A, ,DECK A, ,DECK A, ,DECK A, ,DECK A, ,DECK B,correct,DECK B,incorrect,DECK B,incorrect,DECK B,incorrect,DECK B,correct,DECK B,correct,DECK B,correct,DECK B,correct,DECK B,correct,,5,2,2,No,Blue,3,3,2,2,2,3,2,2,2,3,4,1,3,4,3,2,2,3,4,5,4,3,3,3,2,3
187,DECK B,incorrect,DECK A, ,DECK A, ,DECK A, ,DECK A, ,DECK B,correct,DECK B,correct,DECK B,correct,DECK B,correct,DECK B,correct,DECK A, ,DECK A, ,DECK A, ,DECK A, ,DECK A, ,DECK A, ,DECK A, ,DECK A, ,DECK A, ,DECK A, ,DECK A, ,DECK A, ,DECK A, ,DECK A, ,DECK A, ,5,5,6,3,No,Blue,4,4,4,4,4,4,4,4,4,4,4,4,4,4,4,4,4,4,4,4,6,4,6,4,5,5
188,DECK A, ,DECK A, ,DECK B,correct,DECK A, ,DECK A, ,DECK A, ,DECK A, ,DECK B,correct,DECK A, ,DECK A, ,DECK A, ,DECK A, ,DECK A, ,DECK A, ,DECK A, ,DECK A, ,DECK A, ,DECK A, ,DECK B,correct,DECK A, ,DECK A, ,DECK A, ,DECK A, ,DECK A, ,DECK B,correct,1,5,3,4,No,Blue,3,3,2,4,2,2,4,3,3,3,3,3,3,3,3,3,3,3,4,4,4,5,2,2,4,4
190,DECK B,correct,DECK B,correct,DECK B,correct,DECK A, ,DECK A, ,DECK A, ,DECK B,correct,DECK B,correct,DECK B,correct,DECK B,correct,DECK B,correct,DECK B,correct,DECK B,correct,DECK B,incorrect,DECK A, ,DECK A, ,DECK A, ,DECK A, ,DECK A, ,DECK A, ,DECK A, ,DECK B,correct,DECK B,correct,DECK B,correct,DECK B,correct,,5,4,0,No,Blue,3,2,4,2,2,3,2,5,4,4,5,2,4,3,2,5,4,5,5,2,6,4,7,5,5,5
191,DECK A, ,DECK B,incorrect,DECK A, ,DECK A, ,DECK B,correct,DECK B,incorrect,DECK B,incorrect,DECK A, ,DECK B,correct,DECK A, ,DECK B,blank,DECK A, ,DECK B,correct,DECK A, ,DECK A, ,DECK B,incorrect,DECK A, ,DECK B,incorrect,DECK A, ,DECK A, ,DECK A, ,DECK A, ,DECK A, ,DECK A, ,DECK A, ,1,6,4,1,No,Blue,2,1,5,5,4,2,4,5,4,3,2,3,4,4,4,5,3,4,6,6,5,6,5,2,2,4
192,DECK A, ,DECK A, ,DECK A, ,DECK A, ,DECK B,correct,DECK B,incorrect,DECK A, ,DECK A, ,DECK A, ,DECK A, ,DECK A, ,DECK A, ,DECK A, ,DECK A, ,DECK A, ,DECK A, ,DECK A, ,DECK A, ,DECK A, ,DECK A, ,DECK A, ,DECK A, ,DECK A, ,DECK B,correct,DECK A, ,0,1,4,1,No,Blue,1,1,4,4,3,3,3,4,4,3,1,2,2,4,2,4,2,4,5,5,6,4,5,5,6,5
